drop_into,2624,11087,0.0,,0,Trapper - Lvl 0,0
drop_into,2624,11088,0.0,,0,Trapper - Lvl 0,0
drop_into,2624,,0.0,,0,Trapper - Lvl 0,0
drop_into,2506,17019,0.0,,0,Trapper - Lvl 0,0
drop_into,2146,8046,0.0,,1,Trapper - Lvl 0,0
drop_into,2146,2732,0.0,,5,Trapper - Lvl 0,0
drop_into,2146,,0.0,,0,Trapper - Lvl 0,0
drop_into,86,2732,0.0,,5,Trapper - Lvl 0,0
drop_into,86,8046,0.0,,1,Trapper - Lvl 0,0
drop_into,86,,0.0,,0,Trapper - Lvl 0,0
drop_into,2504,17019,0.0,,0,Trapper - Lvl 0,0
drop_into,2156,6252,0.0,,5,Trapper - Lvl 0,0
drop_into,2156,6254,0.0,,1,Trapper - Lvl 0,0
drop_into,833,6252,0.0,,5,Trapper - Lvl 0,0
drop_into,833,6254,0.0,,1,Trapper - Lvl 0,0
drop_into,833,,0.0,,0,Trapper - Lvl 0,0
drop_into,2616,6252,0.0,,5,Trapper - Lvl 0,0
drop_into,2616,6254,0.0,,1,Trapper - Lvl 0,0
drop_into,2616,,0.0,,0,Trapper - Lvl 0,0
drop_into,2505,17019,0.0,,0,Trapper - Lvl 0,0
drop_into,2151,2732,0.0,,5,Trapper - Lvl 0,0
drop_into,2151,8046,0.0,,1,Trapper - Lvl 0,0
drop_into,2151,,0.0,,0,Trapper - Lvl 0,0
drop_into,2149,2732,0.0,,5,Trapper - Lvl 0,0
drop_into,2149,8046,0.0,,1,Trapper - Lvl 0,0
drop_into,2149,,0.0,,0,Trapper - Lvl 0,0
drop_into,2147,2698,0.0,,1,Trapper - Lvl 0,0
drop_into,2147,2732,0.0,,5,Trapper - Lvl 0,0
drop_into,2147,,0.0,,0,Trapper - Lvl 0,0
drop_into,2148,8046,0.0,,1,Trapper - Lvl 0,0
drop_into,2148,2732,0.0,,5,Trapper - Lvl 0,0
drop_into,2148,,0.0,,0,Trapper - Lvl 0,0
drop_into,2150,2732,0.0,,5,Trapper - Lvl 0,0
drop_into,2150,8046,0.0,,1,Trapper - Lvl 0,0
drop_into,2150,,0.0,,0,Trapper - Lvl 0,0
drop_into,88,8046,0.0,,1,Trapper - Lvl 0,0
drop_into,88,2732,0.0,,5,Trapper - Lvl 0,0
drop_into,88,,0.0,,0,Trapper - Lvl 0,0
drop_into,90,8046,0.0,,1,Trapper - Lvl 0,0
drop_into,90,2732,0.0,,5,Trapper - Lvl 0,0
drop_into,90,,0.0,,0,Trapper - Lvl 0,0
drop_into,272,2698,0.0,,1,Trapper - Lvl 0,0
drop_into,272,2732,0.0,,5,Trapper - Lvl 0,0
drop_into,272,,0.0,,0,Trapper - Lvl 0,0
drop_into,271,8046,0.0,,1,Trapper - Lvl 0,0
drop_into,271,2732,0.0,,5,Trapper - Lvl 0,0
drop_into,271,,0.0,,0,Trapper - Lvl 0,0
drop_into,87,8046,0.0,,1,Trapper - Lvl 0,0
drop_into,87,2732,0.0,,5,Trapper - Lvl 0,0
drop_into,87,,0.0,,0,Trapper - Lvl 0,0
drop_into,2543,17211,0.0,,10,Trapper - Lvl 0,0
drop_into,6,7358,0.0,,0,Trapper - Lvl 0,0
drop_into,6,2734,0.0,,15,Trapper - Lvl 0,0
drop_into,6,6256,0.0,,10,Trapper - Lvl 0,0
drop_into,2,,0.0,,5,Trapper - Lvl 0,0
drop_into,2,2731,0.0,,0,Trapper - Lvl 0,0
drop_into,2,7361,0.0,,0,Trapper - Lvl 0,0
drop_into,2547,17212,0.0,,10,Trapper - Lvl 0,0
drop_into,2546,,0.0,,10,Trapper - Lvl 0,0
drop_into,2548,17212,0.0,,10,Trapper - Lvl 0,0
drop_into,2549,17212,0.0,,10,Trapper - Lvl 0,0
drop_into,1260,4179,0.0,,10,Trapper - Lvl 0,0
drop_into,1260,3566,0.0,,10,Trapper - Lvl 0,0
drop_into,2617,6252,0.0,,5,Trapper - Lvl 0,0
drop_into,2617,6254,0.0,,1,Trapper - Lvl 0,0
drop_into,2617,,0.0,,0,Trapper - Lvl 0,0
drop_into,39,,0.0,,5,Trapper - Lvl 0,0
drop_into,39,2731,0.0,,0,Trapper - Lvl 0,0
drop_into,39,7361,0.0,,0,Trapper - Lvl 0,0
drop_into,2544,17211,0.0,,10,Trapper - Lvl 0,0
drop_into,2598,6252,0.0,,5,Trapper - Lvl 0,0
drop_into,2598,6254,0.0,,1,Trapper - Lvl 0,0
drop_into,2598,,0.0,,0,Trapper - Lvl 0,0
drop_into,2155,8046,0.0,,1,Trapper - Lvl 0,0
drop_into,2155,2732,0.0,,5,Trapper - Lvl 0,0
drop_into,2155,,0.0,,0,Trapper - Lvl 0,0
drop_into,2153,8046,0.0,,1,Trapper - Lvl 0,0
drop_into,2153,2732,0.0,,5,Trapper - Lvl 0,0
drop_into,2153,,0.0,,0,Trapper - Lvl 0,0
drop_into,2152,2732,0.0,,5,Trapper - Lvl 0,0
drop_into,2152,8046,0.0,,1,Trapper - Lvl 0,0
drop_into,2152,,0.0,,0,Trapper - Lvl 0,0
drop_into,2154,8046,0.0,,1,Trapper - Lvl 0,0
drop_into,2154,2732,0.0,,5,Trapper - Lvl 0,0
drop_into,2154,,0.0,,0,Trapper - Lvl 0,0
drop_into,1267,8046,0.0,,1,Trapper - Lvl 0,0
drop_into,1267,2732,0.0,,5,Trapper - Lvl 0,0
drop_into,1267,,0.0,,0,Trapper - Lvl 0,0
drop_into,1269,8046,0.0,,1,Trapper - Lvl 0,0
drop_into,1269,2732,0.0,,5,Trapper - Lvl 0,0
drop_into,1269,,0.0,,0,Trapper - Lvl 0,0
drop_into,1270,8046,0.0,,1,Trapper - Lvl 0,0
drop_into,1270,2732,0.0,,5,Trapper - Lvl 0,0
drop_into,1270,,0.0,,0,Trapper - Lvl 0,0
drop_into,1268,8046,0.0,,1,Trapper - Lvl 0,0
drop_into,1268,2732,0.0,,5,Trapper - Lvl 0,0
drop_into,1268,,0.0,,0,Trapper - Lvl 0,0
drop_into,2763,17211,0.0,,10,Trapper - Lvl 0,0
drop_into,2545,17211,0.0,,10,Trapper - Lvl 0,0
drop_into,2597,6252,0.0,,5,Trapper - Lvl 0,0
drop_into,2597,6254,0.0,,1,Trapper - Lvl 0,0
drop_into,2597,,0.0,,0,Trapper - Lvl 0,0
drop_into,1678,11087,0.0,,0,Trapper - Lvl 0,0
drop_into,1678,11088,0.0,,0,Trapper - Lvl 0,0
drop_into,1678,,0.0,,0,Trapper - Lvl 0,0
drop_into,1674,,0.0,,0,Trapper - Lvl 0,0
drop_into,1674,11093,0.0,,0,Trapper - Lvl 0,0
drop_into,1674,11094,0.0,,0,Trapper - Lvl 0,0
drop_into,1672,11090,0.0,,0,Trapper - Lvl 0,0
drop_into,1672,11091,0.0,,0,Trapper - Lvl 0,0
drop_into,1672,,0.0,,0,Trapper - Lvl 0,0
drop_into,1677,11096,0.0,,0,Trapper - Lvl 0,0
drop_into,1677,11097,0.0,,0,Trapper - Lvl 0,0
drop_into,1677,,0.0,,0,Trapper - Lvl 0,0
drop_into,1673,11090,0.0,,0,Trapper - Lvl 0,0
drop_into,1673,11091,0.0,,0,Trapper - Lvl 0,0
drop_into,1673,,0.0,,0,Trapper - Lvl 0,0
drop_into,1679,11087,0.0,,0,Trapper - Lvl 0,0
drop_into,1679,11088,0.0,,0,Trapper - Lvl 0,0
drop_into,1679,,0.0,,0,Trapper - Lvl 0,0
drop_into,1676,11096,0.0,,0,Trapper - Lvl 0,0
drop_into,1676,11097,0.0,,0,Trapper - Lvl 0,0
drop_into,1676,,0.0,,0,Trapper - Lvl 0,0
drop_into,1675,,0.0,,0,Trapper - Lvl 0,0
drop_into,1675,11093,0.0,,0,Trapper - Lvl 0,0
drop_into,1675,11094,0.0,,0,Trapper - Lvl 0,0
drop_into,1711,17075,0.0,,0,Trapper - Lvl 0,0
drop_into,2293,8046,0.0,,1,Trapper - Lvl 0,0
drop_into,2293,2732,0.0,,5,Trapper - Lvl 0,0
drop_into,2293,,0.0,,0,Trapper - Lvl 0,0
drop_into,1,2731,0.0,,5,Trapper - Lvl 5,5
drop_into,1,7361,0.0,,0,Trapper - Lvl 5,5
drop_into,1,2693,0.0,,0,Trapper - Lvl 5,5
drop_into,4,6256,0.0,,10,Trapper - Lvl 5,5
drop_into,4,7358,0.0,,0,Trapper - Lvl 5,5
drop_into,4,2734,0.0,,15,Trapper - Lvl 5,5
drop_into,735,2682,0.0,,10,Trapper - Lvl 5,5
drop_into,2169,2682,0.0,,10,Trapper - Lvl 5,5
drop_into,2167,2682,0.0,,10,Trapper - Lvl 15,15
drop_into,2168,2682,0.0,,10,Trapper - Lvl 10,10
drop_into,2166,2682,0.0,,10,Trapper - Lvl 15,15
drop_into,123,2682,0.0,,10,Trapper - Lvl 5,5
drop_into,2274,2698,0.0,,1,Trapper - Lvl 0,0
drop_into,2274,2732,0.0,,5,Trapper - Lvl 0,0
drop_into,2274,,0.0,,0,Trapper - Lvl 0,0
drop_into,2275,2732,0.0,,5,Trapper - Lvl 0,0
drop_into,2275,8046,0.0,,1,Trapper - Lvl 0,0
drop_into,2275,,0.0,,0,Trapper - Lvl 0,0
drop_into,41,2357,0.0,,1,Trapper - Lvl 5,5
drop_into,41,7361,0.0,,0,Trapper - Lvl 5,5
drop_into,41,2731,0.0,,5,Trapper - Lvl 5,5
drop_into,125,2682,0.0,,10,Trapper - Lvl 15,15
drop_into,124,2682,0.0,,10,Trapper - Lvl 10,10
drop_into,785,2682,0.0,,10,Trapper - Lvl 15,15
drop_into,1261,4179,0.0,,10,Trapper - Lvl 10,10
drop_into,1261,3566,0.0,,10,Trapper - Lvl 10,10
drop_into,5,2255,0.0,,10,Trapper - Lvl 5,5
drop_into,5,7358,0.0,,0,Trapper - Lvl 5,5
drop_into,5,2734,0.0,,15,Trapper - Lvl 5,5
drop_into,1556,10371,0.0,,10,Trapper - Lvl 10,10
drop_into,1556,10407,0.0,,20,Trapper - Lvl 15,15
drop_into,1556,10551,0.0,,20,Trapper - Lvl 15,15
drop_into,2276,8046,0.0,,1,Trapper - Lvl 0,0
drop_into,2276,2732,0.0,,5,Trapper - Lvl 0,0
drop_into,2276,,0.0,,0,Trapper - Lvl 0,0
drop_into,135,7359,0.0,,10,Trapper - Lvl 10,10
drop_into,135,3898,0.0,,20,Trapper - Lvl 15,15
drop_into,135,3895,0.0,,20,Trapper - Lvl 15,15
drop_into,1237,9872,0.0,,10,Trapper - Lvl 10,10
drop_into,3,2731,0.0,,5,Trapper - Lvl 15,15
drop_into,3,7361,0.0,,0,Trapper - Lvl 10,10
drop_into,3,2693,0.0,,0,Trapper - Lvl 15,15
drop_into,1222,8376,0.0,,10,Trapper - Lvl 10,10
drop_into,1430,,0.0,,10,Trapper - Lvl 10,10
drop_into,1430,10195,0.0,,25,Trapper - Lvl 15,15
drop_into,1430,9956,0.0,,20,Trapper - Lvl 15,15
drop_into,1446,10072,0.0,,10,Trapper - Lvl 10,10
drop_into,1446,10074,0.0,,20,Trapper - Lvl 15,15
drop_into,1446,10073,0.0,,20,Trapper - Lvl 15,15
drop_into,1583,10406,0.0,,10,Trapper - Lvl 10,10
drop_into,1583,10400,0.0,,25,Trapper - Lvl 15,15
drop_into,1583,10658,0.0,,45,Trapper - Lvl 15,15
drop_into,704,,0.0,,10,Trapper - Lvl 15,15
drop_into,704,6256,0.0,,0,Trapper - Lvl 10,10
drop_into,704,7358,0.0,,15,Trapper - Lvl 15,15
drop_into,52,7363,0.0,,10,Trapper - Lvl 10,10
drop_into,52,8118,0.0,,20,Trapper - Lvl 15,15
drop_into,1239,,0.0,,10,Trapper - Lvl 10,10
drop_into,1275,7359,0.0,,10,Trapper - Lvl 15,15
drop_into,1275,3898,0.0,,20,Trapper - Lvl 20,20
drop_into,1275,3895,0.0,,20,Trapper - Lvl 20,20
drop_into,1597,10411,0.0,,15,Trapper - Lvl 15,15
drop_into,1597,10412,0.0,,25,Trapper - Lvl 20,20
drop_into,1597,10552,0.0,,25,Trapper - Lvl 20,20
drop_into,1477,10122,0.0,,15,Trapper - Lvl 15,15
drop_into,1477,10123,0.0,,25,Trapper - Lvl 20,20
drop_into,1477,10124,0.0,,25,Trapper - Lvl 20,20
drop_into,1585,10406,0.0,,10,Trapper - Lvl 15,15
drop_into,1585,10400,0.0,,25,Trapper - Lvl 20,20
drop_into,1585,10658,0.0,,45,Trapper - Lvl 20,20
drop_into,95,7359,0.0,,10,Trapper - Lvl 15,15
drop_into,95,3898,0.0,,20,Trapper - Lvl 20,20
drop_into,95,3895,0.0,,20,Trapper - Lvl 20,20
drop_into,1555,10371,0.0,,10,Trapper - Lvl 15,15
drop_into,1555,10407,0.0,,20,Trapper - Lvl 20,20
drop_into,1555,10551,0.0,,20,Trapper - Lvl 20,20
drop_into,58,5476,0.0,,25,Trapper - Lvl 20,20
drop_into,58,7363,0.0,,10,Trapper - Lvl 15,15
drop_into,58,8118,0.0,,20,Trapper - Lvl 20,20
drop_into,1220,,0.0,,10,Trapper - Lvl 15,15
drop_into,1220,8376,0.0,,20,Trapper - Lvl 20,20
drop_into,1263,,0.0,,15,Trapper - Lvl 15,15
drop_into,1263,9590,0.0,,25,Trapper - Lvl 20,20
drop_into,1263,9565,0.0,,25,Trapper - Lvl 20,20
drop_into,1431,,0.0,,10,Trapper - Lvl 15,15
drop_into,1431,10195,0.0,,25,Trapper - Lvl 20,20
drop_into,1431,9956,0.0,,20,Trapper - Lvl 20,20
drop_into,348,5529,0.0,,25,Trapper - Lvl 20,20
drop_into,348,7368,0.0,,15,Trapper - Lvl 15,15
drop_into,348,10660,0.0,,25,Trapper - Lvl 20,20
drop_into,1448,10072,0.0,,10,Trapper - Lvl 15,15
drop_into,1448,10074,0.0,,20,Trapper - Lvl 20,20
drop_into,1448,10073,0.0,,20,Trapper - Lvl 20,20
drop_into,1238,,0.0,,10,Trapper - Lvl 15,15
drop_into,144,7359,0.0,,10,Trapper - Lvl 15,15
drop_into,144,3898,0.0,,20,Trapper - Lvl 25,25
drop_into,144,3895,0.0,,20,Trapper - Lvl 25,25
drop_into,57,5508,0.0,,10,Trapper - Lvl 25,25
drop_into,57,7363,0.0,,10,Trapper - Lvl 15,15
drop_into,57,8118,0.0,,20,Trapper - Lvl 25,25
drop_into,1366,,0.0,,20,Trapper - Lvl 20,20
drop_into,1366,,0.0,,30,Trapper - Lvl 25,25
drop_into,1366,10364,0.0,,30,Trapper - Lvl 25,25
drop_into,2112,7361,0.0,,0,Trapper - Lvl 10,10
drop_into,2112,2731,0.0,,5,Trapper - Lvl 15,15
drop_into,2112,2693,0.0,,0,Trapper - Lvl 15,15
drop_into,2113,,0.0,,10,Trapper - Lvl 15,15
drop_into,2113,6256,0.0,,15,Trapper - Lvl 15,15
drop_into,2113,2734,0.0,,0,Trapper - Lvl 10,10
drop_into,94,7359,0.0,,10,Trapper - Lvl 20,20
drop_into,94,3898,0.0,,20,Trapper - Lvl 25,25
drop_into,94,3895,0.0,,20,Trapper - Lvl 25,25
drop_into,1584,10406,0.0,,10,Trapper - Lvl 15,15
drop_into,1584,10400,0.0,,25,Trapper - Lvl 25,25
drop_into,1584,10658,0.0,,45,Trapper - Lvl 25,25
drop_into,1835,,0.0,,5,Trapper - Lvl 25,25
drop_into,1835,2731,0.0,,0,Trapper - Lvl 25,25
drop_into,1835,2693,0.0,,0,Trapper - Lvl 15,15
drop_into,1834,,0.0,,5,Trapper - Lvl 25,25
drop_into,1834,2731,0.0,,0,Trapper - Lvl 15,15
drop_into,1834,7361,0.0,,0,Trapper - Lvl 25,25
drop_into,2294,8046,0.0,,1,Trapper - Lvl 0,0
drop_into,2294,2732,0.0,,5,Trapper - Lvl 0,0
drop_into,2294,,0.0,,0,Trapper - Lvl 0,0
drop_into,1135,9592,0.0,,20,Trapper - Lvl 20,20
drop_into,1221,,0.0,,10,Trapper - Lvl 15,15
drop_into,1221,8376,0.0,,30,Trapper - Lvl 25,25
drop_into,1221,8397,0.0,,20,Trapper - Lvl 25,25
drop_into,1070,8168,0.0,,20,Trapper - Lvl 20,20
drop_into,1070,8176,0.0,,30,Trapper - Lvl 25,25
drop_into,326,8169,0.0,,20,Trapper - Lvl 20,20
drop_into,326,8177,0.0,,30,Trapper - Lvl 25,25
drop_into,1240,,0.0,,10,Trapper - Lvl 15,15
drop_into,1432,,0.0,,10,Trapper - Lvl 15,15
drop_into,1432,10195,0.0,,25,Trapper - Lvl 25,25
drop_into,1432,9956,0.0,,20,Trapper - Lvl 25,25
drop_into,1447,10072,0.0,,10,Trapper - Lvl 15,15
drop_into,1447,10074,0.0,,20,Trapper - Lvl 25,25
drop_into,1447,10073,0.0,,20,Trapper - Lvl 25,25
drop_into,1686,10986,0.0,,20,Trapper - Lvl 20,20
drop_into,1686,11103,0.0,,30,Trapper - Lvl 25,25
drop_into,1686,11104,0.0,,30,Trapper - Lvl 25,25
drop_into,1554,10371,0.0,,10,Trapper - Lvl 15,15
drop_into,1554,10407,0.0,,20,Trapper - Lvl 25,25
drop_into,1554,10551,0.0,,20,Trapper - Lvl 25,25
drop_into,1590,2254,0.0,,10,Trapper - Lvl 25,25
drop_into,1590,2734,0.0,,15,Trapper - Lvl 25,25
drop_into,1833,7361,0.0,,0,Trapper - Lvl 20,20
drop_into,1833,2731,0.0,,5,Trapper - Lvl 25,25
drop_into,1833,2693,0.0,,0,Trapper - Lvl 25,25
drop_into,54,,0.0,,10,Trapper - Lvl 20,20
drop_into,54,7363,0.0,,20,Trapper - Lvl 30,30
drop_into,54,8118,0.0,,10,Trapper - Lvl 30,30
drop_into,280,,0.0,,35,Trapper - Lvl 30,30
drop_into,280,3752,0.0,,25,Trapper - Lvl 25,25
drop_into,1355,,0.0,,20,Trapper - Lvl 25,25
drop_into,1355,,0.0,,30,Trapper - Lvl 30,30
drop_into,1355,10364,0.0,,30,Trapper - Lvl 30,30
drop_into,2263,6256,0.0,,10,Trapper - Lvl 5,5
drop_into,2263,2734,0.0,,15,Trapper - Lvl 5,5
drop_into,2263,7358,0.0,,0,Trapper - Lvl 5,5
drop_into,1274,7359,0.0,,10,Trapper - Lvl 25,25
drop_into,1274,3898,0.0,,20,Trapper - Lvl 30,30
drop_into,1687,10986,0.0,,20,Trapper - Lvl 25,25
drop_into,1687,11103,0.0,,30,Trapper - Lvl 30,30
drop_into,1687,11104,0.0,,30,Trapper - Lvl 30,30
drop_into,1217,8413,0.0,,25,Trapper - Lvl 25,25
drop_into,1217,11339,0.0,,35,Trapper - Lvl 30,30
drop_into,1217,11572,0.0,,35,Trapper - Lvl 30,30
drop_into,458,8169,0.0,,20,Trapper - Lvl 25,25
drop_into,458,8177,0.0,,30,Trapper - Lvl 30,30
drop_into,1429,,0.0,,10,Trapper - Lvl 20,20
drop_into,1429,10195,0.0,,25,Trapper - Lvl 30,30
drop_into,1429,9956,0.0,,20,Trapper - Lvl 30,30
drop_into,1553,10371,0.0,,10,Trapper - Lvl 20,20
drop_into,1553,10407,0.0,,20,Trapper - Lvl 30,30
drop_into,1553,10551,0.0,,20,Trapper - Lvl 30,30
drop_into,1515,,0.0,,40,Trapper - Lvl 30,30
drop_into,1515,12562,0.0,,40,Trapper - Lvl 30,30
drop_into,2264,7358,0.0,,0,Trapper - Lvl 5,5
drop_into,2264,2255,0.0,,10,Trapper - Lvl 5,5
drop_into,2264,2734,0.0,,15,Trapper - Lvl 5,5
drop_into,1832,2731,0.0,,5,Trapper - Lvl 30,30
drop_into,1832,2357,0.0,,1,Trapper - Lvl 30,30
drop_into,1832,7361,0.0,,0,Trapper - Lvl 20,20
drop_into,1259,9809,0.0,,40,Trapper - Lvl 30,30
drop_into,1511,12562,0.0,,40,Trapper - Lvl 30,30
drop_into,1511,12554,0.0,,40,Trapper - Lvl 30,30
drop_into,2265,,0.0,,10,Trapper - Lvl 15,15
drop_into,2265,6256,0.0,,15,Trapper - Lvl 15,15
drop_into,2265,2734,0.0,,0,Trapper - Lvl 10,10
drop_into,282,,0.0,,25,Trapper - Lvl 25,25
drop_into,282,7364,0.0,,35,Trapper - Lvl 35,35
drop_into,1132,9592,0.0,,20,Trapper - Lvl 25,25
drop_into,901,8168,0.0,,20,Trapper - Lvl 25,25
drop_into,901,8176,0.0,,30,Trapper - Lvl 35,35
drop_into,1451,6220,0.0,,25,Trapper - Lvl 25,25
drop_into,1451,12434,0.0,,40,Trapper - Lvl 35,35
drop_into,1451,5449,0.0,,40,Trapper - Lvl 35,35
drop_into,2115,10400,0.0,,25,Trapper - Lvl 20,20
drop_into,2115,10658,0.0,,45,Trapper - Lvl 20,20
drop_into,2115,10406,0.0,,10,Trapper - Lvl 15,15
drop_into,2118,,0.0,,10,Trapper - Lvl 15,15
drop_into,2118,8376,0.0,,20,Trapper - Lvl 25,25
drop_into,2118,9600,0.0,,30,Trapper - Lvl 25,25
drop_into,2123,,0.0,,10,Trapper - Lvl 15,15
drop_into,2126,10072,0.0,,10,Trapper - Lvl 10,10
drop_into,2126,10074,0.0,,20,Trapper - Lvl 15,15
drop_into,2126,10073,0.0,,20,Trapper - Lvl 15,15
drop_into,1364,,0.0,,20,Trapper - Lvl 25,25
drop_into,1364,,0.0,,30,Trapper - Lvl 35,35
drop_into,1364,10364,0.0,,30,Trapper - Lvl 35,35
drop_into,1831,7361,0.0,,0,Trapper - Lvl 25,25
drop_into,1831,2731,0.0,,5,Trapper - Lvl 30,30
drop_into,1831,2693,0.0,,0,Trapper - Lvl 30,30
drop_into,1701,8413,0.0,,25,Trapper - Lvl 30,30
drop_into,1701,11339,0.0,,35,Trapper - Lvl 35,35
drop_into,1701,11572,0.0,,35,Trapper - Lvl 35,35
drop_into,1689,10988,0.0,,25,Trapper - Lvl 25,25
drop_into,1689,11337,0.0,,40,Trapper - Lvl 35,35
drop_into,1689,11569,0.0,,40,Trapper - Lvl 35,35
drop_into,2286,8376,0.0,,10,Trapper - Lvl 10,10
drop_into,464,8169,0.0,,20,Trapper - Lvl 25,25
drop_into,464,8177,0.0,,30,Trapper - Lvl 35,35
drop_into,1688,10986,0.0,,20,Trapper - Lvl 25,25
drop_into,1688,11103,0.0,,30,Trapper - Lvl 35,35
drop_into,1688,11104,0.0,,30,Trapper - Lvl 35,35
drop_into,1738,,0.0,,10,Trapper - Lvl 25,25
drop_into,1738,10195,0.0,,25,Trapper - Lvl 30,30
drop_into,1738,9956,0.0,,20,Trapper - Lvl 30,30
drop_into,1692,10987,0.0,,25,Trapper - Lvl 25,25
drop_into,1692,11570,0.0,,40,Trapper - Lvl 35,35
drop_into,1692,11571,0.0,,40,Trapper - Lvl 35,35
drop_into,1656,10964,0.0,,25,Trapper - Lvl 25,25
drop_into,1656,11102,0.0,,40,Trapper - Lvl 35,35
drop_into,1656,11101,0.0,,40,Trapper - Lvl 35,35
drop_into,394,,0.0,,40,Trapper - Lvl 35,35
drop_into,394,,0.0,,25,Trapper - Lvl 25,25
drop_into,394,5569,0.0,,40,Trapper - Lvl 35,35
drop_into,793,5410,0.0,,40,Trapper - Lvl 35,35
drop_into,793,7372,0.0,,25,Trapper - Lvl 25,25
drop_into,793,8122,0.0,,40,Trapper - Lvl 35,35
drop_into,1512,12562,0.0,,40,Trapper - Lvl 30,30
drop_into,1512,12555,0.0,,40,Trapper - Lvl 30,30
drop_into,1224,6422,0.0,,30,Trapper - Lvl 25,25
drop_into,1516,,0.0,,40,Trapper - Lvl 35,35
drop_into,1516,12562,0.0,,40,Trapper - Lvl 35,35
drop_into,1645,7363,0.0,,10,Trapper - Lvl 30,30
drop_into,1645,5508,0.0,,10,Trapper - Lvl 35,35
drop_into,1645,8118,0.0,,20,Trapper - Lvl 35,35
drop_into,1707,,0.0,,20,Trapper - Lvl 30,30
drop_into,1452,,0.0,,25,Trapper - Lvl 30,30
drop_into,1452,6220,0.0,,40,Trapper - Lvl 40,40
drop_into,1452,12434,0.0,,40,Trapper - Lvl 40,40
drop_into,1636,3898,0.0,,20,Trapper - Lvl 35,35
drop_into,1636,7359,0.0,,10,Trapper - Lvl 30,30
drop_into,1636,3895,0.0,,20,Trapper - Lvl 35,35
drop_into,2119,,0.0,,10,Trapper - Lvl 20,20
drop_into,2119,7363,0.0,,10,Trapper - Lvl 30,30
drop_into,2119,5508,0.0,,20,Trapper - Lvl 30,30
drop_into,2122,3895,0.0,,20,Trapper - Lvl 25,25
drop_into,2122,7359,0.0,,10,Trapper - Lvl 15,15
drop_into,2122,3898,0.0,,20,Trapper - Lvl 25,25
drop_into,2125,,0.0,,25,Trapper - Lvl 30,30
drop_into,2125,9956,0.0,,20,Trapper - Lvl 30,30
drop_into,2125,9957,0.0,,10,Trapper - Lvl 20,20
drop_into,2114,10551,0.0,,20,Trapper - Lvl 30,30
drop_into,2114,10407,0.0,,20,Trapper - Lvl 30,30
drop_into,2114,10371,0.0,,10,Trapper - Lvl 20,20
drop_into,1693,10987,0.0,,25,Trapper - Lvl 30,30
drop_into,1693,11570,0.0,,40,Trapper - Lvl 40,40
drop_into,1693,11571,0.0,,40,Trapper - Lvl 40,40
drop_into,1700,8413,0.0,,25,Trapper - Lvl 30,30
drop_into,1700,11339,0.0,,35,Trapper - Lvl 40,40
drop_into,1700,11572,0.0,,35,Trapper - Lvl 40,40
drop_into,281,,0.0,,25,Trapper - Lvl 30,30
drop_into,281,7364,0.0,,35,Trapper - Lvl 40,40
drop_into,2287,,0.0,,20,Trapper - Lvl 20,20
drop_into,2287,9600,0.0,,10,Trapper - Lvl 15,15
drop_into,1280,6422,0.0,,30,Trapper - Lvl 30,30
drop_into,1749,,0.0,,25,Trapper - Lvl 35,35
drop_into,1749,9956,0.0,,20,Trapper - Lvl 35,35
drop_into,1749,9957,0.0,,10,Trapper - Lvl 30,30
drop_into,1690,,0.0,,25,Trapper - Lvl 30,30
drop_into,1690,10988,0.0,,40,Trapper - Lvl 40,40
drop_into,1690,11337,0.0,,40,Trapper - Lvl 40,40
drop_into,1638,10371,0.0,,10,Trapper - Lvl 30,30
drop_into,1638,10407,0.0,,20,Trapper - Lvl 35,35
drop_into,1638,10551,0.0,,20,Trapper - Lvl 35,35
drop_into,1657,10964,0.0,,25,Trapper - Lvl 30,30
drop_into,1657,11102,0.0,,40,Trapper - Lvl 40,40
drop_into,1657,11101,0.0,,40,Trapper - Lvl 40,40
drop_into,395,,0.0,,40,Trapper - Lvl 40,40
drop_into,395,4524,0.0,,40,Trapper - Lvl 40,40
drop_into,395,5569,0.0,,25,Trapper - Lvl 30,30
drop_into,792,5410,0.0,,40,Trapper - Lvl 40,40
drop_into,792,7372,0.0,,25,Trapper - Lvl 30,30
drop_into,792,8122,0.0,,40,Trapper - Lvl 40,40
drop_into,1521,12562,0.0,,40,Trapper - Lvl 35,35
drop_into,1521,12554,0.0,,40,Trapper - Lvl 35,35
drop_into,1522,12562,0.0,,40,Trapper - Lvl 40,40
drop_into,1522,12554,0.0,,40,Trapper - Lvl 40,40
drop_into,2177,14915,0.0,,40,Trapper - Lvl 35,35
drop_into,2179,14915,0.0,,40,Trapper - Lvl 35,35
drop_into,2183,14915,0.0,,40,Trapper - Lvl 35,35
drop_into,2188,14915,0.0,,40,Trapper - Lvl 35,35
drop_into,2176,14915,0.0,,40,Trapper - Lvl 35,35
drop_into,1793,,0.0,,25,Trapper - Lvl 35,35
drop_into,1793,6220,0.0,,40,Trapper - Lvl 45,45
drop_into,1793,12434,0.0,,40,Trapper - Lvl 45,45
drop_into,1640,3752,0.0,,35,Trapper - Lvl 40,40
drop_into,1640,7364,0.0,,25,Trapper - Lvl 35,35
drop_into,2180,14915,0.0,,40,Trapper - Lvl 35,35
drop_into,2184,14915,0.0,,40,Trapper - Lvl 35,35
drop_into,1691,10988,0.0,,25,Trapper - Lvl 35,35
drop_into,1691,11337,0.0,,40,Trapper - Lvl 45,45
drop_into,1691,11569,0.0,,40,Trapper - Lvl 45,45
drop_into,2116,11103,0.0,,30,Trapper - Lvl 30,30
drop_into,2116,11104,0.0,,30,Trapper - Lvl 30,30
drop_into,2116,10986,0.0,,20,Trapper - Lvl 25,25
drop_into,2120,9592,0.0,,20,Trapper - Lvl 25,25
drop_into,2124,8177,0.0,,30,Trapper - Lvl 30,30
drop_into,2124,8169,0.0,,20,Trapper - Lvl 25,25
drop_into,1534,12562,0.0,,40,Trapper - Lvl 40,40
drop_into,1534,12555,0.0,,40,Trapper - Lvl 40,40
drop_into,2288,,0.0,,10,Trapper - Lvl 15,15
drop_into,2288,8376,0.0,,20,Trapper - Lvl 25,25
drop_into,2288,9600,0.0,,30,Trapper - Lvl 25,25
drop_into,1694,10987,0.0,,25,Trapper - Lvl 35,35
drop_into,1694,11570,0.0,,40,Trapper - Lvl 45,45
drop_into,1694,11571,0.0,,40,Trapper - Lvl 45,45
drop_into,1658,10964,0.0,,25,Trapper - Lvl 35,35
drop_into,1658,11102,0.0,,40,Trapper - Lvl 45,45
drop_into,1658,11101,0.0,,40,Trapper - Lvl 45,45
drop_into,2189,14915,0.0,,40,Trapper - Lvl 35,35
drop_into,2282,10400,0.0,,25,Trapper - Lvl 15,15
drop_into,2282,10658,0.0,,45,Trapper - Lvl 15,15
drop_into,2282,10406,0.0,,10,Trapper - Lvl 10,10
drop_into,1223,6422,0.0,,30,Trapper - Lvl 40,40
drop_into,396,,0.0,,40,Trapper - Lvl 45,45
drop_into,396,5569,0.0,,25,Trapper - Lvl 35,35
drop_into,396,7366,0.0,,40,Trapper - Lvl 45,45
drop_into,795,7372,0.0,,25,Trapper - Lvl 35,35
drop_into,795,5410,0.0,,40,Trapper - Lvl 45,45
drop_into,795,8122,0.0,,40,Trapper - Lvl 45,45
drop_into,2765,,0.0,,50,Trapper - Lvl 45,45
drop_into,2765,17729,0.0,,50,Trapper - Lvl 50,50
drop_into,2765,17761,0.0,,50,Trapper - Lvl 50,50
drop_into,2175,14915,0.0,,40,Trapper - Lvl 35,35
drop_into,2181,14915,0.0,,40,Trapper - Lvl 35,35
drop_into,2185,14915,0.0,,40,Trapper - Lvl 35,35
drop_into,2766,,0.0,,50,Trapper - Lvl 45,45
drop_into,2766,17729,0.0,,50,Trapper - Lvl 50,50
drop_into,2766,17786,0.0,,50,Trapper - Lvl 50,50
drop_into,2187,14915,0.0,,40,Trapper - Lvl 35,35
drop_into,2767,,0.0,,50,Trapper - Lvl 45,45
drop_into,2767,17729,0.0,,50,Trapper - Lvl 50,50
drop_into,2767,17761,0.0,,50,Trapper - Lvl 50,50
drop_into,2174,14915,0.0,,40,Trapper - Lvl 35,35
drop_into,2182,14915,0.0,,40,Trapper - Lvl 35,35
drop_into,2186,14915,0.0,,40,Trapper - Lvl 35,35
drop_into,2770,17730,0.0,,55,Trapper - Lvl 50,50
drop_into,2770,17786,0.0,,50,Trapper - Lvl 50,50
drop_into,2770,17786,0.0,,50,Trapper - Lvl 50,50
drop_into,2163,14915,0.0,,40,Trapper - Lvl 40,40
drop_into,2162,14915,0.0,,40,Trapper - Lvl 40,40
drop_into,2165,14915,0.0,,40,Trapper - Lvl 40,40
drop_into,2164,14915,0.0,,40,Trapper - Lvl 40,40
drop_into,2283,10400,0.0,,25,Trapper - Lvl 20,20
drop_into,2283,10658,0.0,,45,Trapper - Lvl 20,20
drop_into,2136,7364,0.0,,25,Trapper - Lvl 30,30
drop_into,2136,3752,0.0,,35,Trapper - Lvl 35,35
drop_into,2141,12562,0.0,,40,Trapper - Lvl 35,35
drop_into,2141,12554,0.0,,40,Trapper - Lvl 35,35
drop_into,1537,12562,0.0,,40,Trapper - Lvl 45,45
drop_into,1537,12554,0.0,,40,Trapper - Lvl 45,45
drop_into,2190,14915,0.0,,40,Trapper - Lvl 35,35
drop_into,2764,,0.0,,50,Trapper - Lvl 45,45
drop_into,2764,17729,0.0,,50,Trapper - Lvl 50,50
drop_into,2764,17761,0.0,,50,Trapper - Lvl 50,50
drop_into,2771,17730,0.0,,55,Trapper - Lvl 50,50
drop_into,2771,17786,0.0,,50,Trapper - Lvl 50,50
drop_into,2771,17786,0.0,,50,Trapper - Lvl 50,50
drop_into,2772,17730,0.0,,55,Trapper - Lvl 50,50
drop_into,2772,17786,0.0,,50,Trapper - Lvl 50,50
drop_into,2772,17786,0.0,,50,Trapper - Lvl 50,50
drop_into,2172,14915,0.0,,40,Trapper - Lvl 45,45
drop_into,2284,10400,0.0,,25,Trapper - Lvl 25,25
drop_into,2284,10658,0.0,,45,Trapper - Lvl 25,25
drop_into,2284,10406,0.0,,10,Trapper - Lvl 15,15
drop_into,2128,,0.0,,25,Trapper - Lvl 30,30
drop_into,2128,10988,0.0,,40,Trapper - Lvl 40,40
drop_into,2128,11337,0.0,,40,Trapper - Lvl 40,40
drop_into,2117,10987,0.0,,25,Trapper - Lvl 35,35
drop_into,2117,11570,0.0,,40,Trapper - Lvl 45,45
drop_into,2117,11571,0.0,,40,Trapper - Lvl 45,45
drop_into,2127,11102,0.0,,40,Trapper - Lvl 45,45
drop_into,2127,11101,0.0,,40,Trapper - Lvl 45,45
drop_into,2127,10964,0.0,,25,Trapper - Lvl 35,35
drop_into,2121,,0.0,,40,Trapper - Lvl 35,35
drop_into,2121,4524,0.0,,40,Trapper - Lvl 35,35
drop_into,2121,5569,0.0,,25,Trapper - Lvl 25,25
drop_into,1635,6422,0.0,,30,Trapper - Lvl 55,55
drop_into,1435,7373,0.0,,45,Trapper - Lvl 45,45
drop_into,1435,9954,0.0,,60,Trapper - Lvl 50,50
drop_into,1435,9955,0.0,,60,Trapper - Lvl 50,50
drop_into,2773,17730,0.0,,55,Trapper - Lvl 50,50
drop_into,2773,17786,0.0,,50,Trapper - Lvl 50,50
drop_into,2773,17786,0.0,,50,Trapper - Lvl 50,50
drop_into,1433,,0.0,,45,Trapper - Lvl 45,45
drop_into,1433,7373,0.0,,60,Trapper - Lvl 55,55
drop_into,1433,9954,0.0,,60,Trapper - Lvl 55,55
drop_into,2159,14820,0.0,,45,Trapper - Lvl 45,45
drop_into,2159,8082,0.0,,45,Trapper - Lvl 45,45
drop_into,2159,14843,0.0,,45,Trapper - Lvl 45,45
drop_into,1434,,0.0,,45,Trapper - Lvl 45,45
drop_into,1434,7373,0.0,,60,Trapper - Lvl 55,55
drop_into,1434,9954,0.0,,60,Trapper - Lvl 55,55
drop_into,2158,14820,0.0,,45,Trapper - Lvl 45,45
drop_into,2158,5524,0.0,,45,Trapper - Lvl 45,45
drop_into,2158,10658,0.0,,45,Trapper - Lvl 45,45
drop_into,2173,14915,0.0,,40,Trapper - Lvl 45,45
drop_into,2198,,0.0,,25,Trapper - Lvl 35,35
drop_into,2198,,0.0,,40,Trapper - Lvl 45,45
drop_into,2198,6220,0.0,,40,Trapper - Lvl 45,45
drop_into,2197,,0.0,,25,Trapper - Lvl 35,35
drop_into,2197,10987,0.0,,40,Trapper - Lvl 45,45
drop_into,2197,11570,0.0,,40,Trapper - Lvl 45,45
drop_into,1780,,0.0,,50,Trapper - Lvl 50,50
drop_into,1780,12685,0.0,,60,Trapper - Lvl 55,55
drop_into,1780,9954,0.0,,60,Trapper - Lvl 55,55
drop_into,1784,,0.0,,70,Trapper - Lvl 55,55
drop_into,1784,5439,0.0,,50,Trapper - Lvl 50,50
drop_into,1784,7370,0.0,,70,Trapper - Lvl 55,55
drop_into,2161,14820,0.0,,45,Trapper - Lvl 50,50
drop_into,2161,8082,0.0,,45,Trapper - Lvl 50,50
drop_into,2161,14843,0.0,,45,Trapper - Lvl 50,50
drop_into,1781,,0.0,,60,Trapper - Lvl 60,60
drop_into,1781,,0.0,,60,Trapper - Lvl 60,60
drop_into,1781,9954,0.0,,50,Trapper - Lvl 50,50
drop_into,1152,,0.0,,70,Trapper - Lvl 60,60
drop_into,1152,5433,0.0,,70,Trapper - Lvl 60,60
drop_into,1152,5439,0.0,,50,Trapper - Lvl 50,50
drop_into,1787,12639,0.0,,70,Trapper - Lvl 60,60
drop_into,1787,12640,0.0,,70,Trapper - Lvl 60,60
drop_into,1787,12545,0.0,,50,Trapper - Lvl 50,50
drop_into,2458,,0.0,,70,Trapper - Lvl 60,60
drop_into,2458,12639,0.0,,50,Trapper - Lvl 50,50
drop_into,2458,12545,0.0,,70,Trapper - Lvl 60,60
drop_into,2160,14820,0.0,,45,Trapper - Lvl 50,50
drop_into,2160,14843,0.0,,45,Trapper - Lvl 50,50
drop_into,2160,14843,0.0,,45,Trapper - Lvl 50,50
drop_into,1803,,0.0,,50,Trapper - Lvl 50,50
drop_into,1803,,0.0,,60,Trapper - Lvl 60,60
drop_into,1803,12685,0.0,,60,Trapper - Lvl 60,60
drop_into,1782,,0.0,,50,Trapper - Lvl 50,50
drop_into,1782,,0.0,,60,Trapper - Lvl 60,60
drop_into,1782,12685,0.0,,60,Trapper - Lvl 60,60
drop_into,1390,15715,0.0,,50,Trapper - Lvl 50,50
drop_into,1153,,0.0,,70,Trapper - Lvl 60,60
drop_into,1153,5434,0.0,,70,Trapper - Lvl 60,60
drop_into,1153,5439,0.0,,50,Trapper - Lvl 55,55
drop_into,2459,,0.0,,50,Trapper - Lvl 50,50
drop_into,2459,,0.0,,70,Trapper - Lvl 60,60
drop_into,1789,,0.0,,70,Trapper - Lvl 60,60
drop_into,1789,12640,0.0,,50,Trapper - Lvl 50,50
drop_into,1790,12545,0.0,,50,Trapper - Lvl 50,50
drop_into,1790,12639,0.0,,70,Trapper - Lvl 60,60
drop_into,1790,12640,0.0,,70,Trapper - Lvl 60,60
drop_into,2457,,0.0,,70,Trapper - Lvl 60,60
drop_into,2457,12639,0.0,,70,Trapper - Lvl 60,60
drop_into,2457,12640,0.0,,50,Trapper - Lvl 50,50
drop_into,2130,7373,0.0,,45,Trapper - Lvl 45,45
drop_into,2130,9955,0.0,,60,Trapper - Lvl 50,50
drop_into,2130,9954,0.0,,60,Trapper - Lvl 50,50
drop_into,1776,12544,0.0,,55,Trapper - Lvl 55,55
drop_into,1391,15715,0.0,,50,Trapper - Lvl 50,50
drop_into,2359,,0.0,,55,Trapper - Lvl 55,55
drop_into,2359,15804,0.0,,75,Trapper - Lvl 65,65
drop_into,2359,15845,0.0,,75,Trapper - Lvl 65,65
drop_into,1155,,0.0,,70,Trapper - Lvl 65,65
drop_into,1155,5433,0.0,,70,Trapper - Lvl 65,65
drop_into,1155,5439,0.0,,50,Trapper - Lvl 55,55
drop_into,1392,,0.0,,50,Trapper - Lvl 50,50
drop_into,1827,,0.0,,55,Trapper - Lvl 55,55
drop_into,1827,12808,0.0,,75,Trapper - Lvl 65,65
drop_into,1827,12810,0.0,,75,Trapper - Lvl 65,65
drop_into,1777,12544,0.0,,55,Trapper - Lvl 55,55
drop_into,2360,,0.0,,55,Trapper - Lvl 55,55
drop_into,2360,15804,0.0,,75,Trapper - Lvl 65,65
drop_into,2360,15845,0.0,,75,Trapper - Lvl 65,65
drop_into,1778,12544,0.0,,55,Trapper - Lvl 55,55
drop_into,1829,12808,0.0,,55,Trapper - Lvl 55,55
drop_into,1829,12810,0.0,,75,Trapper - Lvl 65,65
drop_into,1829,12809,0.0,,75,Trapper - Lvl 65,65
drop_into,2131,14820,0.0,,45,Trapper - Lvl 40,40
drop_into,2131,8082,0.0,,45,Trapper - Lvl 50,50
drop_into,1779,12544,0.0,,55,Trapper - Lvl 55,55
drop_into,1825,12808,0.0,,55,Trapper - Lvl 60,60
drop_into,1825,12810,0.0,,75,Trapper - Lvl 70,70
drop_into,1825,12809,0.0,,75,Trapper - Lvl 70,70
drop_into,2362,,0.0,,55,Trapper - Lvl 60,60
drop_into,2362,15804,0.0,,75,Trapper - Lvl 70,70
drop_into,2362,15845,0.0,,75,Trapper - Lvl 70,70
drop_into,2129,12639,0.0,,70,Trapper - Lvl 60,60
drop_into,2129,12640,0.0,,70,Trapper - Lvl 60,60
drop_into,2129,12545,0.0,,50,Trapper - Lvl 50,50
drop_into,2313,12639,0.0,,70,Trapper - Lvl 60,60
drop_into,2313,12640,0.0,,70,Trapper - Lvl 60,60
drop_into,2132,,0.0,,70,Trapper - Lvl 65,65
drop_into,2132,5433,0.0,,50,Trapper - Lvl 55,55
drop_into,2132,7370,0.0,,70,Trapper - Lvl 65,65
drop_into,1828,,0.0,,55,Trapper - Lvl 60,60
drop_into,1828,,0.0,,75,Trapper - Lvl 70,70
drop_into,1828,12808,0.0,,75,Trapper - Lvl 70,70
drop_into,2074,,0.0,,85,Trapper - Lvl 70,70
drop_into,2074,,0.0,,85,Trapper - Lvl 70,70
drop_into,2074,14354,0.0,,65,Trapper - Lvl 65,65
drop_into,2460,16782,0.0,,90,Trapper - Lvl 75,75
drop_into,2460,16781,0.0,,65,Trapper - Lvl 65,65
drop_into,2460,16782,0.0,,90,Trapper - Lvl 75,75
drop_into,2361,,0.0,,55,Trapper - Lvl 65,65
drop_into,2361,,0.0,,75,Trapper - Lvl 70,70
drop_into,2361,,0.0,,75,Trapper - Lvl 70,70
drop_into,2462,16782,0.0,,90,Trapper - Lvl 75,75
drop_into,2462,16781,0.0,,65,Trapper - Lvl 65,65
drop_into,2462,16782,0.0,,90,Trapper - Lvl 75,75
drop_into,2465,,0.0,,95,Trapper - Lvl 80,80
drop_into,2465,16809,0.0,,70,Trapper - Lvl 70,70
drop_into,2465,16808,0.0,,95,Trapper - Lvl 80,80
drop_into,2364,,0.0,,75,Trapper - Lvl 75,75
drop_into,2364,,0.0,,65,Trapper - Lvl 65,65
drop_into,2364,15823,0.0,,75,Trapper - Lvl 75,75
drop_into,2075,,0.0,,85,Trapper - Lvl 75,75
drop_into,2075,14354,0.0,,85,Trapper - Lvl 75,75
drop_into,2075,14355,0.0,,65,Trapper - Lvl 65,65
drop_into,1801,9955,0.0,,60,Trapper - Lvl 75,75
drop_into,1801,9954,0.0,,60,Trapper - Lvl 75,75
drop_into,1801,7373,0.0,,45,Trapper - Lvl 65,65
drop_into,2463,16782,0.0,,90,Trapper - Lvl 75,75
drop_into,2463,16781,0.0,,65,Trapper - Lvl 65,65
drop_into,2463,16782,0.0,,90,Trapper - Lvl 75,75
drop_into,2365,,0.0,,75,Trapper - Lvl 80,80
drop_into,2365,,0.0,,75,Trapper - Lvl 80,80
drop_into,2365,15823,0.0,,65,Trapper - Lvl 70,70
drop_into,2466,,0.0,,95,Trapper - Lvl 80,80
drop_into,2466,16809,0.0,,70,Trapper - Lvl 70,70
drop_into,2466,16808,0.0,,95,Trapper - Lvl 80,80
drop_into,2461,16782,0.0,,90,Trapper - Lvl 75,75
drop_into,2461,16781,0.0,,65,Trapper - Lvl 65,65
drop_into,2461,16782,0.0,,90,Trapper - Lvl 75,75
drop_into,2133,12808,0.0,,55,Trapper - Lvl 60,60
drop_into,2133,12809,0.0,,75,Trapper - Lvl 70,70
drop_into,2133,12810,0.0,,75,Trapper - Lvl 70,70
drop_into,2142,,0.0,,85,Trapper - Lvl 80,80
drop_into,2142,,0.0,,85,Trapper - Lvl 80,80
drop_into,2142,14354,0.0,,65,Trapper - Lvl 70,70
drop_into,2076,,0.0,,85,Trapper - Lvl 80,80
drop_into,2076,,0.0,,85,Trapper - Lvl 80,80
drop_into,2076,14354,0.0,,65,Trapper - Lvl 70,70
drop_into,1339,,0.0,,95,Trapper - Lvl 80,80
drop_into,1339,,0.0,,95,Trapper - Lvl 80,80
drop_into,1339,16809,0.0,,70,Trapper - Lvl 70,70
drop_into,2366,,0.0,,75,Trapper - Lvl 80,80
drop_into,2366,,0.0,,65,Trapper - Lvl 70,70
drop_into,2366,15823,0.0,,75,Trapper - Lvl 80,80
drop_into,2467,,0.0,,95,Trapper - Lvl 80,80
drop_into,2467,16809,0.0,,70,Trapper - Lvl 70,70
drop_into,2467,16808,0.0,,95,Trapper - Lvl 80,80
drop_into,1341,,0.0,,95,Trapper - Lvl 80,80
drop_into,1341,,0.0,,95,Trapper - Lvl 80,80
drop_into,1341,16809,0.0,,70,Trapper - Lvl 70,70
drop_into,2367,,0.0,,65,Trapper - Lvl 75,75
drop_into,2367,,0.0,,75,Trapper - Lvl 85,85
drop_into,2367,15805,0.0,,75,Trapper - Lvl 85,85
drop_into,2468,,0.0,,95,Trapper - Lvl 80,80
drop_into,2468,16809,0.0,,70,Trapper - Lvl 70,70
drop_into,2468,16808,0.0,,95,Trapper - Lvl 80,80
drop_into,2078,,0.0,,100,Trapper - Lvl 85,85
drop_into,2078,,0.0,,100,Trapper - Lvl 85,85
drop_into,2078,,0.0,,65,Trapper - Lvl 95,95
drop_into,2339,15806,0.0,,75,Trapper - Lvl 75,75
drop_into,1358,,0.0,,95,Trapper - Lvl 80,80
drop_into,1358,,0.0,,95,Trapper - Lvl 80,80
drop_into,1358,16809,0.0,,70,Trapper - Lvl 70,70
drop_into,1340,,0.0,,95,Trapper - Lvl 80,80
drop_into,1340,,0.0,,95,Trapper - Lvl 80,80
drop_into,1340,16809,0.0,,70,Trapper - Lvl 70,70
drop_into,2344,,0.0,,80,Trapper - Lvl 80,80
drop_into,2340,15806,0.0,,75,Trapper - Lvl 80,80
drop_into,2083,,0.0,,65,Trapper - Lvl 90,90
drop_into,2083,,0.0,,100,Trapper - Lvl 90,90
drop_into,2083,,0.0,,100,Trapper - Lvl 90,90
drop_into,2143,,0.0,,100,Trapper - Lvl 90,90
drop_into,2143,,0.0,,100,Trapper - Lvl 90,90
drop_into,2143,,0.0,,65,Trapper - Lvl 90,90
drop_into,2341,15806,0.0,,75,Trapper - Lvl 80,80
drop_into,2345,,0.0,,80,Trapper - Lvl 80,80
drop_into,2084,,0.0,,65,Trapper - Lvl 100,100
drop_into,2084,,0.0,,100,Trapper - Lvl 95,95
drop_into,2084,,0.0,,100,Trapper - Lvl 95,95
drop_into,2342,,0.0,,75,Trapper - Lvl 85,85
drop_into,2350,15834,0.0,,85,Trapper - Lvl 85,85
drop_into,2144,,0.0,,100,Trapper - Lvl 95,95
drop_into,2144,,0.0,,100,Trapper - Lvl 95,95
drop_into,2144,,0.0,,65,Trapper - Lvl 100,100
drop_into,2346,,0.0,,80,Trapper - Lvl 85,85
drop_into,2351,15834,0.0,,85,Trapper - Lvl 85,85
drop_into,2347,,0.0,,80,Trapper - Lvl 80,80
drop_into,2352,15834,0.0,,85,Trapper - Lvl 90,90
drop_into,2559,17080,0.0,,120,Trapper - Lvl 100,100
drop_into,2559,17249,0.0,,90,Trapper - Lvl 90,90
drop_into,2559,17080,0.0,,120,Trapper - Lvl 100,100
drop_into,2134,,0.0,,85,Trapper - Lvl 80,80
drop_into,2134,,0.0,,85,Trapper - Lvl 80,80
drop_into,2134,14354,0.0,,65,Trapper - Lvl 70,70
drop_into,2353,,0.0,,85,Trapper - Lvl 90,90
drop_into,2560,17080,0.0,,120,Trapper - Lvl 100,100
drop_into,2560,17249,0.0,,90,Trapper - Lvl 95,95
drop_into,2560,17080,0.0,,120,Trapper - Lvl 100,100
drop_into,2562,17080,0.0,,120,Trapper - Lvl 100,100
drop_into,2562,17249,0.0,,90,Trapper - Lvl 95,95
drop_into,2562,17080,0.0,,120,Trapper - Lvl 100,100
drop_into,2550,,0.0,,95,Trapper - Lvl 95,95
drop_into,2550,,0.0,,120,Trapper - Lvl 100,100
drop_into,2550,17225,0.0,,120,Trapper - Lvl 100,100
drop_into,2551,,0.0,,95,Trapper - Lvl 95,95
drop_into,2551,,0.0,,120,Trapper - Lvl 100,100
drop_into,2551,17225,0.0,,120,Trapper - Lvl 100,100
drop_into,2561,,0.0,,120,Trapper - Lvl 100,100
drop_into,2561,17080,0.0,,90,Trapper - Lvl 95,95
drop_into,2561,17249,0.0,,120,Trapper - Lvl 100,100
drop_into,2552,,0.0,,95,Trapper - Lvl 100,100
drop_into,2552,,0.0,,120,Trapper - Lvl 100,100
drop_into,2552,,0.0,,120,Trapper - Lvl 100,100
drop_into,2565,,0.0,,100,Trapper - Lvl 100,100
drop_into,2565,17275,0.0,,130,Trapper - Lvl 100,100
drop_into,2565,17078,0.0,,130,Trapper - Lvl 100,100
drop_into,2566,,0.0,,100,Trapper - Lvl 100,100
drop_into,2566,17275,0.0,,130,Trapper - Lvl 100,100
drop_into,2566,17078,0.0,,130,Trapper - Lvl 100,100
drop_into,2553,,0.0,,95,Trapper - Lvl 100,100
drop_into,2553,,0.0,,120,Trapper - Lvl 100,100
drop_into,2553,17225,0.0,,120,Trapper - Lvl 100,100
drop_into,2606,,0.0,,105,Trapper - Lvl 100,100
drop_into,2606,,0.0,,135,Trapper - Lvl 100,100
drop_into,2606,17335,0.0,,135,Trapper - Lvl 100,100
drop_into,2567,,0.0,,100,Trapper - Lvl 100,100
drop_into,2567,17275,0.0,,130,Trapper - Lvl 100,100
drop_into,2567,17078,0.0,,130,Trapper - Lvl 100,100
drop_into,2604,,0.0,,105,Trapper - Lvl 100,100
drop_into,2604,,0.0,,135,Trapper - Lvl 100,100
drop_into,2604,17335,0.0,,135,Trapper - Lvl 100,100
drop_into,2568,,0.0,,100,Trapper - Lvl 100,100
drop_into,2568,17275,0.0,,130,Trapper - Lvl 100,100
drop_into,2568,17078,0.0,,130,Trapper - Lvl 100,100
drop_into,2577,,0.0,,105,Trapper - Lvl 100,100
drop_into,2577,17300,0.0,,140,Trapper - Lvl 100,100
drop_into,2577,17076,0.0,,140,Trapper - Lvl 100,100
drop_into,2607,,0.0,,105,Trapper - Lvl 100,100
drop_into,2607,,0.0,,135,Trapper - Lvl 100,100
drop_into,2607,,0.0,,135,Trapper - Lvl 100,100
drop_into,2578,,0.0,,105,Trapper - Lvl 100,100
drop_into,2578,17300,0.0,,140,Trapper - Lvl 100,100
drop_into,2578,17076,0.0,,140,Trapper - Lvl 100,100
drop_into,2608,,0.0,,105,Trapper - Lvl 100,100
drop_into,2608,,0.0,,135,Trapper - Lvl 100,100
drop_into,2608,,0.0,,135,Trapper - Lvl 100,100
drop_into,2579,,0.0,,105,Trapper - Lvl 100,100
drop_into,2579,17300,0.0,,140,Trapper - Lvl 100,100
drop_into,2579,17076,0.0,,140,Trapper - Lvl 100,100
drop_into,2580,,0.0,,105,Trapper - Lvl 100,100
drop_into,2580,,0.0,,140,Trapper - Lvl 100,100
drop_into,2580,17300,0.0,,140,Trapper - Lvl 100,100
