110,2337,Lucy-Fur Brooch,Necklace
110,2542,Renaud Ring,Ring
110,2571,Killer Death Sword,Sword
110,2895,The Ring,Ring
110,13216,Lucy-Dontecrey Pendant,Necklace
110,13218,The Triplesicks,Ring
110,14088,False Renaud,Ring
110,14089,False Renaud Copy,Ring
290,10599,Father Kwismas Boots,
290,10600,Father Kwismas Cloak,
290,10601,Father Kwismas Hat,
290,10602,Father Kwismas Coat,
307,11291,Bandage Cloak,
307,11292,Bandage Hat,
307,11293,Bandage Breastplate,
307,11294,Bandage Boots,
387,13598,Dash Band,Ring
387,13599,Exclamation Cloak,Cloak
387,13600,Ellipsis Boots,Boots
387,13601,Acute Hat,Helmet
387,13602,Question Breastplate,Breastplate
387,13603,Grave Amulet,Necklace
387,13604,Dieresis Belt,Belt
387,13605,Circumflex Epaulettes,Epaulettes
545,18284,Novice Sword,
545,18285,Novice Shield,Shields
545,18286,Novice Cloak,
545,18287,Novice Hat,
227,6816,Wodent Ring,Ring
227,6823,Wodent Hat,Helmet
227,7120,Wodent Corset,Belt
227,7121,Wodent Top,Breastplate
227,6819,Wodent Amulet,Necklace
227,7119,Wodent Slippers,Boots
293,11281,Pioneer Hat,
293,11282,Pioneer Cape,
293,11283,Pioneer Boots,
293,11284,Pioneer Epaulettes,
402,14740,Dark Top,Breastplate
402,14741,Dark Corset,Belt
402,14742,Dark Ring,Ring
402,14744,Dark Hat,Helmet
402,14743,Dark Slippers,Boots
402,14745,Dark Amulet,Necklace
80,2294,Red Piwat ,Helmet
80,2306,Red Piwi Belt,Belt
80,2310,Red Piwi Claw Slippers,Boots
80,2298,Red Capiwin,Cloak
81,2295,Blue Piwat ,Helmet
81,2307,Blue Piwi Belt,Belt
81,2311,Blue Piwi Claw Slippers,Boots
81,2299,Blue Capiwin,Cloak
82,2296,Purple Piwat ,Helmet
82,2308,Purple Piwi Belt,Belt
82,2312,Purple Piwi Claw Slippers,Boots
82,2300,Purple Capiwin,Cloak
83,2297,Green Piwat ,Helmet
83,2309,Green Piwi Belt,Belt
83,2313,Green Piwi Claw Slippers,Boots
83,2301,Green Capiwin,Cloak
258,9492,Adventurer Cloak,Cloak
258,9512,Adventurer Amulet,Necklace
258,9498,Adventurer Belt,Belt
258,9509,Adventurer Ring,Ring
258,9477,Adventurer Helmet,Helmet
258,9487,Adventurer Boots,Boots
262,9620,Amaknian Ring,Ring
262,9619,Amaknian Amulet,Necklace
262,9622,Amaknian Boots,Boots
262,9621,Amaknian Cloak,Cloak
264,9661,Bontarian Ring,Ring
264,9660,Bontarian Amulet,Necklace
264,9664,Bontarian Boots,Boots
264,9662,Bontarian Cloak,Cloak
265,9669,Brakmarian Ring,Ring
265,9668,Brakmarian Amulet,Necklace
265,9672,Brakmarian Boots,Boots
265,9670,Brakmarian Cloak,Cloak
282,10300,Sufokian Ring,Ring
282,10301,Sufokian Amulet,Necklace
282,10298,Sufokian Boots,Boots
282,10299,Sufokian Cloak,Cloak
315,11389,Beltivore,Belt
315,11388,Greedopaulettes,Epaulettes
315,11390,Greedoplate,Breastplate
315,11391,Greedulet,Necklace
319,11427,Hat or Nat,
319,11428,Twittabelt,
319,11429,Googalmulet,
319,11430,Phase Boots,
389,13651,Prime Cape,Cloak
389,13652,Prime Hat,Helmet
389,13653,Prime Vest,Breastplate
389,13654,Prime Boots,Boots
267,9821,Blue Gooring,Ring
267,9817,Blue Googulet,Necklace
267,9825,Blue Ringoo,Ring
267,9813,Blue Goo Breastplate,Breastplate
268,9822,Red Gooring,Ring
268,9818,Red Googulet,Necklace
268,9826,Red Ringoo,Ring
268,9814,Red Goo Breastplate,Breastplate
269,9823,Green Gooring,Ring
269,9819,Green Googulet,Necklace
269,9827,Green Ringoo,Ring
269,9815,Green Goo Breastplate,Breastplate
270,9824,Purple Gooring,Ring
270,9820,Purple Googulet,Necklace
270,9828,Purple Ringoo,Ring
270,9816,Purple Goo Breastplate,Breastplate
331,6791,Twiggy Headband,Helmet
331,9317,Twiggy Cloak,Cloak
331,2044,Twiggy Epaulettes,Epaulettes
331,2990,Twiggy Amulet,Necklace
331,4226,Twiggy Belt,Belt
331,4527,Twiggy Boots,Boots
294,10762,Boots of Destiny,Boots
294,10775,Ring of Destiny,Ring
294,10999,Belt of Destiny,Belt
317,11410,Zinit Amulet,Necklace
317,11411,Zinit Boots,Boots
317,11412,Zinit Cloak,Cloak
317,11413,Zinit Hat,Helmet
338,12035,Natural Amulet,
338,12038,Natural Epaulettes,
338,12036,Natural Ring,
338,12042,Natural Belt,
338,12033,Natural Boots,
338,12034,Natural Cape,
338,12037,Natural Headband,
338,12040,Natural Armor,
372,12820,Bow Meow Ears,Helmet
372,12821,Bow Meow Tail,Cloak
372,12822,Bow Meow Paws,Boots
295,10777,Amulet of Respite,Necklace
295,11000,Hat of Respite,Helmet
295,10779,Epaulettes of Respite,Epaulettes
337,12032,Scrap Boots,
337,12043,Scrap Belt,
337,12039,Scrapaulettes,
337,12041,Scrap Armor,
373,12829,Zora's Amulet,Necklace
373,12831,Zora's Glove,Ring
373,12828,Zora's Helmet,Helmet
373,12830,Zora's Boots,Boots
373,12832,Zora's Tunic,Breastplate
373,12833,Zora's Cloak,Cloak
446,15287,Krospeed Helmet ,Helmet
446,15291,Krospeed Torso,Breastplate
446,15295,Krospeed Cloak ,Cloak
446,15299,Krospeed Epaulettes,Epaulettes
245,9552,Royal Piwi Belt,Belt
245,9242,Royal Piwi Amulet,Necklace
245,9319,Royal Capiwin,Cloak
245,2214,Royal Piwi Hat,Helmet
245,9551,Royal Piwi Slippers,Boots
296,10787,Ring of Trouble,Ring
296,10783,Cloak of Trouble,Cloak
296,10785,Breastplate of Trouble,Breastplate
334,11798,Ratbelt,Belt
334,11795,Rat Ring,Ring
334,11796,Splinter Wand,Wand
334,11794,Ratatat Hat,Helmet
334,11797,Rat Tail,Cloak
41,2021,Gobball Amulet,Necklace
41,2022,Bouze Lite Yeah's Ring,Ring
41,2025,Gobball Belt,Belt
41,2026,Gobball Headgear,Helmet
41,2024,Gobball Cape,Cloak
41,5310,Gobball Epaulettes,Epaulettes
41,2023,Gobboots,Boots
41,5309,Gobball Breastplate,Breastplate
44,2035,Tofu Amulet,Necklace
44,2036,Tofu Ring,Ring
44,2039,Tofu Belt,Belt
44,2040,Helmetofu,Helmet
44,2038,Tofu Cloak,Cloak
44,2089,Tofu Epaulettes,Epaulettes
44,2041,Tofu Boots,Boots
44,5311,Tofu Breastplate,Breastplate
246,9398,Windy Larval Breastplate,Breastplate
246,4248,Windy Larvepaulettes,Epaulettes
246,4229,Windy Larval Belt,Belt
246,9480,Windy Larval Helmet,Helmet
246,9298,Windy Larval Boots,Boots
426,14982,Moist Larval Breastplate,Breastplate
426,14978,Moist Larvepaulettes,Epaulettes
426,14974,Moist Larval Belt,Belt
426,14970,Moist Larval Helmet,Helmet
426,14966,Moist Larval Boots,Boots
427,14984,Muddy Larval Breastplate,Breastplate
427,14980,Muddy Larvepaulettes,Epaulettes
427,14976,Muddy Larval Belt,Belt
427,14972,Muddy Larval Helmet,Helmet
427,14968,Muddy Larval Boots,Boots
428,14985,Roast Larval Breastplate,Breastplate
428,14981,Roast Larvepaulettes,Epaulettes
428,14977,Roast Larval Belt,Belt
428,14973,Roast Larval Helmet,Helmet
428,14969,Roast Larval Boots,Boots
308,11304,Aquaboots,
308,11296,Aquahat,
308,11308,Aquapaulettes,
308,11300,Aquacape,
309,11305,Pyroboots,
309,11297,Pyrohelmet,
309,11309,Pyropaulettes,
309,11301,Pyrocape,
310,11306,Aeroboots,
310,11298,Aerohat,
310,11310,Aeropaulettes,
310,11302,Aerocape,
311,11307,Terra Boots,
311,11299,Terra Helmet,
311,11311,Terrapaulettes,
311,11303,Terra Cape,
314,11386,Fleaster Wodent Ring,
314,11382,Fleaster Wodent Corset,
314,11385,Fleaster Wodent Amulet,
314,11381,Fleaster Wodent Hat,
314,11383,Fleaster Wodent Top,
314,11384,Fleaster Wodent Slippers,
271,10955,Three Pistes Helmet,Helmet
271,8091,Three Pistes' Epaulettes,Epaulettes
271,8092,Three Pistes Breastplate,Breastplate
271,10042,Three Pistes Sandals,Boots
240,7570,Scaraleaf Headband,Helmet
240,7571,Scaraleaf Getas,Boots
240,7572,Scaraleaf Kimono,Breastplate
240,7577,Scaraleaf Belt,Belt
417,14826,Shin Larva Amulet,Necklace
417,14825,Shin Larva Boots,Boots
417,14824,Shin Larva Breastplate,Breastplate
417,14823,Shin Larvepaulettes,Epaulettes
417,14822,Shin Larva Hat,Helmet
417,14821,Shin Larva Cloak,Cloak
318,11425,Godfather Hat,
318,12045,Godfather Cloak,
318,12046,Godfather Shoes,
318,12044,Godfather Jacket,
460,15525,Cloudy Piwat,Helmet
460,15526,Cloudy Piwi Cape,Cloak
460,15527,Cloudy Epiwilettes,Epaulettes
460,15528,Cloudy Piwibody,Breastplate
460,15529,Cloudy Piwiboots,Boots
460,15530,Cloudy Piwi Belt,Belt
233,7757,Sumi Hat,Helmet
233,7758,Sumi Breastplate,Breastplate
316,11408,Gobbowler Breastplate,
316,11397,Gobbowler Helmet,
316,11407,Gobbowler Boots,
316,11398,Gobbowler Epaulettes,
272,10092,Black Hole,Ring
272,10089,Estrichettes,Epaulettes
272,10087,Trutru,Belt
272,10088,Bootriches,Boots
272,10090,Strichplate,Breastplate
285,10325,Moogrring,Ring
285,10324,Moogrramulet,Necklace
285,10326,Moogrrplate,Breastplate
285,10323,Moogrr Boots,Boots
241,9499,Blibli Belt,Belt
241,9503,Blibli Epaulettes,Epaulettes
241,9478,Blibli Helmet,Helmet
241,9488,Blibli Boots,Boots
241,9493,Blibli Cloak,Cloak
242,9554,Kapow Ring,Ring
242,9556,Kapow Belt,Belt
242,9479,Kapow Helmet,Helmet
242,9500,Kapow Thongs,Boots
242,9506,Kapow Breastplate,Breastplate
259,9574,Prespic Epaulettes,Epaulettes
259,9567,Prespic Cloak,Cloak
259,9570,Prespic Hat,Helmet
259,9571,Prespic Belt,Belt
274,10115,Scarabelt,Belt
274,10184,Scarpaulettes,Epaulettes
274,10117,Scarahat,Helmet
274,10113,Scararing,Ring
274,10116,Scaracape,Cloak
276,10125,Belle Ring,Ring
276,10128,Bellafleece,Cloak
276,10126,Bellemet,Helmet
276,10127,Trembella Belt,Belt
283,10317,Strawcrow Epaulettes,Epaulettes
283,10315,Strawcrow Cloak,Cloak
283,10318,Strawcrow Hat,Helmet
283,10316,Strawcrow Belt,Belt
288,10366,Snapper Ring,Ring
288,11047,Carpacap,Helmet
288,10369,Izungryplate,Breastplate
288,10368,Izugg Boots,Boots
288,10367,Amulet dia Reya,Necklace
335,10410,Albatrepaulettes,Epaulettes
335,11799,Atroashacloak,Cloak
335,11806,Atroashahat,Helmet
335,11807,Atroashabelt,Belt
312,11314,Avatar Helmet,
312,11315,Avatar Cloak,
312,11316,Avatar Boots,
312,11317,Avatar Epaulettes,
461,15531,Celestial Piwat,Helmet
461,15532,Celestial Piwi Cape,Cloak
461,15533,Celestial Epiwilettes,Epaulettes
461,15534,Celestial Piwibody,Breastplate
461,15535,Celestial Piwiboots,Boots
289,10383,Crabacape,Cloak
289,10385,Crabbelt,Belt
289,10386,Crabaulettes,Epaulettes
289,10384,Clawcap,Helmet
289,10387,Crabring,Ring
284,10320,Puddly Amulet,Necklace
284,10321,Puddly Ring,Ring
284,11811,Puddly Hat,Helmet
284,10319,Puddly Boots,Boots
284,10322,Puddly Breastplate,Breastplate
368,12776,Glowing Stalagcape,Cloak
368,12777,Glowing Ringmote,Ring
368,12779,Glowing Stalagirdle,Breastplate
368,12780,Glowing Stalagtight,Belt
449,15339,Cloudy Tofu Helmet,Helmet
449,15340,Cloudy Tofu Boots,Boots
449,15341,Cloudy Tofu Cloak,Cloak
449,15343,Cloudy Tofu Belt,Belt
449,15342,Cloudy Tofu Epaulettes,Epaulettes
449,15344,Cloudy Tofu Breastplate,Breastplate
244,9257,Royal Gobball Amulet,Necklace
244,9495,Royal Gobball Cloak,Cloak
244,9483,Royal Gobball Helmet,Helmet
244,9392,Royal Gobball Epaulettes,Epaulettes
244,9507,Royal Gobball Breastplate,Breastplate
244,9489,Royal Gobball Boots,Boots
281,10239,Chaos Boots,
281,10240,Chaos Hat,
281,10241,Chaos Cloak,
376,10568,The Sunbrero,Helmet
376,10574,Vegebelt,Belt
380,10571,Snapcap,Helmet
380,10576,Snapstrap,Belt
379,10573,Truffly Helmet,Helmet
379,10575,Truffelt,Belt
243,13256,Royal Tofu Amulet,Necklace
243,9494,Royal Tofu Cloak,Cloak
243,9481,Royal Tofu Helmet,Helmet
243,9504,Royal Tofu Epaulettes,Epaulettes
243,9501,Royal Tofu Belt,Belt
243,9299,Royal Tofu Boots,Boots
297,10967,Spyne,Cloak
297,10968,Cranium,Helmet
297,10966,Skellington Boots,Boots
297,10965,Tooth Necklace,Necklace
299,10993,Kokonecklace,Necklace
299,10992,Skokottish Cape,Cloak
299,10995,Kokolo Neck,Breastplate
299,10994,Ekokolettes,Epaulettes
287,11066,The Beltoad,Belt
287,11065,Bufo Lows,Boots
287,11064,Toadp√©e,Helmet
287,11067,Toaderpads,Epaulettes
347,11573,Moskito Hat,Helmet
347,11068,Boostron,Breastplate
347,11071,Boobelt,Belt
347,11576,Moskito Amulet,Necklace
369,12790,Explorer Hat,Helmet
369,12792,Explorer Jacket,Breastplate
369,12791,Explorer Boots,Boots
390,13658,Bum Breastplate,Breastplate
390,13659,Bum Boots,Boots
390,13660,Bum Cloak,Cloak
462,15536,Divine Gooano,Ring
462,15537,Divine Bangool,Ring
462,15538,Divine Googulet,Necklace
298,10977,Stalagcape,Cloak
298,10976,Stalagirdle,Breastplate
298,10978,Ringmote,Ring
298,10979,Stalagtight,Belt
424,14904,Imperial Shin Larva Amulet,Necklace
424,14905,Imperial Shin Larva Boots,Boots
424,14909,Imperial Shin Larva Breastplate,Breastplate
424,14908,Imperial Shin Larva Epaulettes,Epaulettes
424,14907,Imperial Shin Larva Hat,Helmet
424,14906,Imperial Shin Larva Cloak,Cloak
332,11026,Royal Blibli Amulet,Necklace
332,11021,Royal Blibli Helmet,Helmet
332,11022,Royal Blibli Epaulettes,Epaulettes
332,11025,Royal Blibli Breastplate,Breastplate
332,11024,Royal Blibli Ring,Ring
332,11023,Royal Blibli Cape,Cloak
370,12794,Schnek Mask,Helmet
370,12795,Schnek Tail,Cloak
370,12796,Schnek Knee Pads,Boots
370,12797,Schnek Bracelet,Ring
300,10053,Golden Scarabelt,Belt
300,11033,Golden Scaramulet,Necklace
300,10118,Golden Scara Helmet,Helmet
300,11032,Golden Scaraplate,Breastplate
300,10114,Golden Scara Ring,Ring
300,11031,Golden Scaracape,Cloak
302,11008,Carnivore Epaulettes,Epaulettes
302,11012,Carnivore Amulet,Necklace
302,11004,Carnivore Hat,Helmet
302,11011,Carnivore Breastplate,Breastplate
302,11010,Carnivore Ring,Ring
302,11009,Carnivore Cape,Cloak
333,11433,Black Zorpaulettes,Epaulettes
333,11437,Black Necklace,Necklace
333,11432,Black Zelmet,Helmet
333,11436,Black Breaztplate,Breastplate
333,11434,Zobscure Cloak,Cloak
333,11435,Black Zorboots,Boots
238,8400,Ugly Cloak,Cloak
238,8401,Ugly Wig,Helmet
238,8402,Ugly Breastplate,Breastplate
251,9394,Drheller Epaulettes,Epaulettes
251,9330,Drheller Cloak,Cloak
251,9595,Drhellingtons,Boots
251,10720,Drheller Helmet,Helmet
248,9486,Arachnee Helmet,Helmet
248,9502,Arachnee Belt,Belt
248,9497,Arachnee Cloak,Cloak
248,9511,Arachnee Ring,Ring
248,9491,Arachnee Boots,Boots
248,9393,Arachnee Epaulettes,Epaulettes
291,10566,Lil Challenger Mask,Helmet
291,10579,Lil Challenger Boots,Boots
291,10580,Lil Challenger Belt,Belt
291,10584,Lil Challenger Cloak,Cloak
306,11074,Kralatorso,Breastplate
306,11076,Kralaboots,Boots
306,11073,Kralamulet,Necklace
306,11072,Kralahat,Helmet
306,11077,Kralaring,Ring
306,11075,Kralabelt,Belt
303,11052,Waders,Boots
303,11053,Clammy Epaulettes,Epaulettes
303,11050,The Mussamulet,Necklace
303,11051,Musselmet,Helmet
219,6783,Pacific Belt,Belt
219,6785,Cloudy Breastplate,Breastplate
219,6782,Cloudy Boots,Boots
219,6780,Cloudy Cap,Helmet
219,6788,Cloudy Epaulettes,Epaulettes
219,6781,Cloudy Cover,Cloak
266,9730,Alibert Apron,Breastplate
266,9731,Alibert Hat,Helmet
342,11579,Royal Bonulet,Necklace
342,11577,Royal Bonehead,Helmet
342,11584,Royal Bonebelt,Belt
342,11578,Royal Skeleton Cloak,Cloak
342,11583,Royal Chafaulettes,Epaulettes
341,11596,Kokobungo Ring,Ring
341,11593,Palm Tree Leaf,Cloak
341,11594,Kokobelt,Belt
341,11591,Maliboo Hat,Helmet
341,11595,Bana Boots,Boots
260,14658,Tsar Ring,Ring
260,14659,Tsar Seal,Ring
260,9573,Tsar Breastplate,Breastplate
260,9569,Tsar Boots,Boots
260,9568,Tsar Cloak,Cloak
401,14706,Prinssly Belt,Belt
401,14705,Prinssly Breastplate,Breastplate
401,14704,Prinssly Amulet,Necklace
401,14703,Prinssly Epaulettes,Epaulettes
401,14699,Prinssly Helmet,Helmet
247,9485,Whirligig Helmet,Helmet
247,9505,Whirligig Epaulettes,Epaulettes
247,9508,Whirligig Breastplate,Breastplate
247,9490,Whirligig Boots,Boots
305,11059,Sharkring,Ring
305,11060,Fins,Epaulettes
305,11057,Sharko,Helmet
305,11058,The Sharkape,Cloak
343,11857,Amakna Riktus Breastplate,Breastplate
343,11845,Amakna Riktus Mask,Helmet
343,11849,Amakna Riktus Epaulettes,Epaulettes
343,11853,Amakna Riktus Boots,Boots
344,11858,Bonta Riktus Breastplate,Breastplate
344,11846,Bonta Riktus Mask,Helmet
344,11850,Bonta Riktus Epaulettes,Epaulettes
344,11854,Bonta Riktus Boots,Boots
345,11859,Brakmar Riktus Breastplate,Breastplate
345,11847,Brakmar Riktus Mask,Helmet
345,11851,Brakmar Riktus Epaulettes,Epaulettes
345,11855,Brakmar Riktus Boots,Boots
346,11860,Sufokia Riktus Breastplate,Breastplate
346,11848,Sufokia Riktus Mask,Helmet
346,11852,Sufokia Riktus Epaulettes,Epaulettes
346,11856,Sufokia Riktus Boots,Boots
450,15345,Celestial Tofu Belt,Belt
450,15346,Celestial Tofu Amulet,Necklace
450,15348,Celestial Tofu Ring,Ring
450,15347,Celestial Tofu Cloak,Cloak
450,15349,Celestial Tofu Epaulettes,Epaulettes
231,7573,Pandawan Kimono,Breastplate
231,7574,Pandawan Hat,Helmet
231,7576,Pandawan Belt,Belt
352,12436,Crackly Helmet,Helmet
352,12437,Crackly Boots,Boots
352,12438,Crackly Ring,Ring
352,12439,Crackly Epaulettes,Epaulettes
532,17753,Wild Gobball Epaulettes,Epaulettes
532,17752,Wild Gobball Breastplate,Breastplate
532,17754,Wild Gobball Helmet ,Helmet
532,17755,Wild Gobball Ring,Ring
339,12057,Ye Jolly Good Olde Shield,Shields
339,12056,Union Belt,Belt
339,12051,The Musselini,Necklace
339,12054,French Fry Cloak,Cloak
339,12052,Pop Fizz Bottle,One-handed Sword 
339,12053,Ginger Tophat,Helmet
339,12055,Taureador Boots,Boots
340,12103,Wrapping Cloak,Cloak
340,12106,Buno Boots,Boots
340,17795,Choconecklace,Necklace
340,12102,Surprise Helmet,Helmet
340,12104,Chocolate Shield ,Shields
340,12101,The Harshey,One-handed Sword 
250,4146,Treering,Ring
250,9305,Treebelt,Belt
250,9353,Treemulet,Necklace
250,9680,Treethongs,Boots
250,9681,Treecape,Cloak
250,9682,Tree Hat,Helmet
250,9683,Treepaulettes,Epaulettes
250,9401,Treestplate,Breastplate
249,4230,Riktus Belt,Belt
249,9400,Riktus Toga,Breastplate
249,9549,Riktus Helmet,Helmet
406,14597,Imperial Tofu Amulet,Necklace
406,14573,Imperial Tofu Cloak,Cloak
406,14613,Imperial Tofu Belt,Belt
406,14620,Imperial Tofu Boots,Boots
445,15286,Krolevel Helmet ,Helmet
445,15290,Krolevel Torso,Breastplate
445,15294,Krolevel Cloak ,Cloak
445,15298,Krolevel Epaulettes,Epaulettes
261,9616,Justice Breastplate,Breastplate
261,9615,Justice Epaulettes,Epaulettes
405,14560,Imperial Gobball Helmet,Helmet
405,14590,Imperial Gobball Ring,Ring
405,14583,Imperial Gobball Epaulettes,Epaulettes
405,14606,Imperial Gobball Breastplate,Breastplate
292,10699,Father Rascal Crown,Helmet
292,10697,Rascaulettes,Epaulettes
292,10698,Horned Amulet,Necklace
292,10703,Rascal Belt,Belt
292,10700,Rass Cloak,Cloak
348,12337,Riktus Elite Ring,Ring
348,12338,Riktus Elite Cloak,Cloak
348,12336,Riktus Elite Boots,Boots
348,12335,Riktus Elite Breastplate,Breastplate
348,12334,Riktus Elite Epaulettes,Epaulettes
348,12333,Riktus Elite Mask,Helmet
421,14878,Deckhand Ring,Ring
421,14882,Deckhand Boots,Boots
421,14883,Deckhand Belt,Belt
421,14884,Deckhand Torso,Breastplate
286,10327,Polterohat,Helmet
286,10329,Polteropolettes,Epaulettes
286,10328,Polteroboots,Boots
533,17768,Great Wild Gobball Ring ,Ring
533,17769,Great Wild Gobball Amulet,Necklace
533,17770,Great Wild Gobball Cape ,Cloak
537,17804,Patched Bwork Breastplate,Breastplate
537,17805,Seeping Bwork Boots,Boots
537,17806,Greasy Bwork Helmet,Helmet
537,17807,Brown Bwork Cape,Cloak
358,12567,Woolly Bedhair,Helmet
358,12568,Woolly Boots,Boots
358,12569,Woolly Epaulettes,Epaulettes
358,12570,Woolly Belt,Belt
407,14564,Imperial Blibli Helmet,Helmet
407,14627,Imperial Blibli Epaulettes,Epaulettes
407,14607,Imperial Blibli Breastplate,Breastplate
407,14591,Imperial Blibli Ring,Ring
435,15147,Stone Cold Cloak,Cloak
435,15150,Stone Cold Ring,Ring
435,15148,Stone Cold Boots,Boots
435,15149,Stone Cold Breastplate,Breastplate
435,15146,Stone Cold Helmet,Helmet
437,15169,Wounded Epaulettes,Epaulettes
437,15172,Wounded Belt,Belt
437,15170,Wounded Ring,Ring
437,15171,Wounded Cloak,Cloak
437,15168,Wounded Headgear,Helmet
447,15321,Royal Whirly Boots,Boots
447,15319,Royal Whirly Cloak,Cloak
447,15318,Royal Whirly Breastplate,Breastplate
447,15320,Royal Whirly Ring,Ring
447,15317,Royal Whirly Epaulettes,Epaulettes
409,14586,Ivory Zorpaulettes,Epaulettes
409,14609,Ivory Breastplate,Breastplate
409,14577,Ivory Cape,Cloak
409,14622,Ivory Boots,Boots
408,14599,Alpha Predator Amulet,Necklace
408,14565,Alpha Predator Helmet,Helmet
408,14614,Alpha Predator Belt,Belt
408,14592,Alpha Predator Ring,Ring
410,14600,Ebony Scaramulet,Necklace
410,14615,Ebony Scarabelt,Belt
410,14593,Ebony Scararing,Ring
410,14576,Ebony Scaracape,Cloak
236,8379,Beltrool,Belt
236,8381,Trool Scalp,Helmet
236,8382,Trool Boots,Boots
351,17787,Noke's Boots,Boots
351,17788,Noke's Talisman ,Necklace
351,17789,Noke's Mask ,Helmet
351,17800,Noke's Cloak ,Cloak
273,10102,Boowish Boots,Boots
273,10096,Boowish Belt,Belt
273,10097,Boowish Hat,Helmet
273,10098,Boowish Epaulettes,Epaulettes
419,14837,Ancestral Treechnid Amulet,Necklace
419,14840,Ancestral Treechnid Ring,Ring
419,14838,Ancestral Treechnid Cape,Cloak
419,14841,Ancestral Treechnid Helmet,Helmet
419,14839,Ancestral Treechnid Breastplate,Breastplate
419,14842,Ancestral Treechnid Boots,Boots
420,15015,Exotic Ring,Ring
420,14859,Exotic Headgear,Helmet
420,14860,Exotic Epaulettes,Epaulettes
420,14861,Exotic Cloak,Cloak
420,14862,Exotic Loincloth,Belt
433,15113,Molluskape,Cloak
433,15115,Tiffaring,Ring
433,15117,Crustastrap,Belt
433,15118,Epshellettes,Epaulettes
433,15114,Mollusky Miter,Helmet
433,15116,Kralapace,Breastplate
432,9342,Kama Hat,Helmet
432,5491,Kamailles' Coat,Breastplate
432,9310,Kama Belt,Belt
432,15013,Kamamulet,Necklace
412,14594,Ultimate Survivor Ring,Ring
412,14579,Ultimate Survivor Leaf,Cloak
412,14569,Ultimate Survivor Helmet,Helmet
412,14624,Ultimate Survivor Boots,Boots
413,14595,Imperator Ring,Ring
413,14610,Imperator Breastplate,Breastplate
413,14625,Imperator Boots,Boots
413,14580,Imperator Cloak,Cloak
411,14602,Imperial Bonulet,Necklace
411,14568,Imperial Bonehead,Helmet
411,14616,Imperial Bonebelt,Belt
411,14587,Imperial Chafaulettes,Epaulettes
414,14618,Ugly Queen Belt,Belt
414,14611,Ugly Queen Breastplate,Breastplate
414,14605,Ugly Queen Amulet,Necklace
414,14588,Ugly Queen Epaulettes,Epaulettes
489,15734,Firedrhell Ring,Ring
489,15735,Firedrhell Amulet,Necklace
349,12370,Lunar Boots,Boots
349,12371,Lunar Cloak,Cloak
349,12372,Lunaring,Ring
349,12373,Lunar Breastplate,Breastplate
349,12374,Lunar Amulet,Necklace
415,14612,Infernal Breastplate,Breastplate
415,14626,Infernal Boots,Boots
415,14571,Infernal Helmet,Helmet
415,14582,Infernal Cloak,Cloak
451,15350,Divine Tofu Epaulettes,Epaulettes
451,15351,Divine Tofu Ring,Ring
451,15352,Divine Tofu Amulet,Necklace
451,15353,Divine Tofu Belt,Belt
452,15400,Drhellzerker Boots,Boots
452,15398,Imperial Drheller Epaulettes,Epaulettes
452,15397,Imperial Drheller Cloak,Cloak
452,15399,Imperial Drheller Ring,Ring
458,15481,Royal Crab Cape,Cloak
458,15483,Royal Crab Boots,Boots
458,15485,Royal Crab Amulet,Necklace
458,15486,Royal Crab Belt,Belt
470,15497,Royal Puddly Cloak,Cloak
470,15502,Royal Puddly Epaulettes,Epaulettes
470,15503,Royal Puddulet,Necklace
470,15504,Royal Puddly Belt,Belt
466,15543,Royal Strich Epaulettes,Epaulettes
466,15552,Royal Strich Cloak,Cloak
466,15554,Royal Strichulet,Necklace
466,15560,Royal Strich Boots,Boots
468,15544,Royal Moogrr Cloak,Cloak
468,15545,Royal Moogrr Amulet,Necklace
468,15546,Royal Moogrr Breastplate,Breastplate
468,15547,Royal Moogrr Belt,Belt
436,15156,Magmacrak Boots,Boots
436,15153,Magmacrak Ring,Ring
436,15155,Magmacrak Breastplate,Breastplate
436,15152,Magmacrak Cloak,Cloak
438,15174,Blood-Stained Epaulettes,Epaulettes
438,15176,Blood-Stained Belt,Belt
438,15175,Blood-Stained Ring,Ring
438,15173,Blood-Stained Cloak,Cloak
448,15325,Imperial Whirly Cloak,Cloak
448,15324,Imperial Whirly Boots,Boots
448,15323,Imperial Whirly Wedding Ring,Ring
448,15322,Imperial Whirly Ring,Ring
442,15250,Hoodfella Boots,Boots
442,15238,Hoodfella Hood,Helmet
442,15248,Hoodfella Cloak,Cloak
442,15252,Hoodfella Ring,Ring
538,17810,Thork Breastplate,Breastplate
538,17811,Thork Epaulettes,Epaulettes
538,17812,Thork Amulet,Necklace
538,17813,Thork Belt,Belt
235,8257,Croboots,Boots
235,8259,Crobelt,Belt
235,8258,Crobak Breastplate,Breastplate
235,12454,Crobak Ring,Ring
366,12630,Hairy Rat Headband,Helmet
366,12631,Hairy Rat Ring,Ring
366,12632,Hairy Rat Tail,Cloak
366,12636,Hairy Rat Belt,Belt
366,12638,Rat Collara,Necklace
441,15204,Plutoni Helm,Helmet
441,15206,The Phosphorescent,Belt
441,15207,Boatox Boots,Boots
441,15205,Toxy Cloak,Cloak
441,15208,Platonium,Breastplate
441,15209,Fluo Ring,Ring
490,15740,The Swordex,One-handed Sword 
490,15739,The Levy Lup,Shields
353,12471,Starry Boots,Boots
353,12472,Starry Cloak,Cloak
353,12473,Starry Hat,Helmet
353,12474,Starry Ring,Ring
353,12475,Starry Breastplate,Breastplate
429,15025,Ephurlettes,Epaulettes
429,15023,Hurl Belt,Belt
429,15022,Hurling Cloak,Cloak
429,15020,Hurlplate,Breastplate
429,15017,Hurlmet,Helmet
459,15488,Imperial Crab Helmet,Helmet
459,15490,Imperial Crab Epaulettes,Epaulettes
459,15491,Imperial Crab Belt,Belt
473,15507,Imperial Puddly Hat,Helmet
473,15508,Imperial Puddly Ring,Ring
473,15505,Imperial Puddly Belt,Belt
469,15549,Imperial Moogrr Helmet,Helmet
469,15550,Imperial Moogrr Epaulettes,Epaulettes
469,15551,Imperial Moogrr Breastplate,Breastplate
467,15562,Imperial Strich Helmet,Helmet
467,15563,Imperial Strich Ring,Ring
467,15564,Imperial Strichplate,Breastplate
360,12596,Sacred Hood,Cloak
360,12597,Sacred Slippers,Boots
360,12598,Sacred Ring,Ring
360,12599,Sacred Tunic,Breastplate
361,12617,Nun Cloak,Cloak
361,12618,Wimple,Helmet
361,12619,Nun Blouse,Breastplate
361,12620,Iron Cross,Necklace
361,12622,Nunnish Doily,Belt
453,15412,Ratical Headgear,Helmet
453,15414,Ratical Ring,Ring
453,15419,Ratical Boots,Boots
453,15413,Ratical Cloak,Cloak
453,15411,Ratical Breastplate,Breastplate
359,12586,Gobbsage Helmet,Helmet
359,12589,Gobbsage Cape,Cloak
359,12588,Gobbsage String,Necklace
359,12587,Gobbsage Breastplate,Breastplate
359,12590,Gobbsage Epaulettes,Epaulettes
371,12816,Headfut,Helmet
371,12817,Twofut,Boots
371,12818,Waistfut,Belt
371,12819,Breastfut,Breastplate
371,13138,Neckfut,Necklace
418,14993,Imperial Treechnid Amulet,Necklace
418,14996,Imperial Treechnid Ring,Ring
418,14994,Imperial Treechnid Cape,Cloak
418,14997,Imperial Treechnid Boots,Boots
434,15121,Kraken Epaulettes,Epaulettes
434,15123,Kraken Belt,Belt
434,15122,Kraken Breastplate,Breastplate
434,15120,Kraken Helmet,Helmet
474,15614,Cloudy Strich Ring,Ring
474,15613,Cloudy Strich Helmet,Helmet
474,15612,Cloudy Strich Epaulettes,Epaulettes
474,15611,Cloudy Strich Belt,Belt
474,15609,Cloudy Strichulet,Necklace
494,15947,Brrrbli Boots,Boots
494,15955,Brrrbli Belt,Belt
494,15958,Brrrbli Ring,Ring
494,15950,Brrrbli Breastplate,Breastplate
515,16895,El Pochito Mask,Helmet
515,16897,El Pochito Cloak,Cloak
515,16896,El Pochito Ring,Ring
515,16898,El Pochito Pixie Boots,Boots
515,16901,El Pochito Thong,Belt
439,15193,Black Widow Cloak,Cloak
439,15194,Black Widow Boots,Boots
439,15196,Black Widow Ring,Ring
439,15197,Black Widow Clasp,Helmet
439,15195,Black Widow Amulet,Necklace
431,15026,Admiral Ephurlettes,Epaulettes
431,15024,Admiral Hurl Belt,Belt
431,15021,Admiral Hurlplate,Breastplate
431,15019,Admiral Hurlmet,Helmet
208,6578,Destructive Belt,Clothes
208,6577,Destructive Epaulette,Clothes
208,6575,Destructive Cap,Clothes
208,6576,Destructive Breastplate,Clothes
208,6579,Destructive Boots,Clothes
397,14365,Whispered Helmet,Helmet
397,14366,Whispered Cloak,Cloak
397,14415,Whispered Belt,Belt
397,14364,Whispered Breastplate,Breastplate
507,16139,Count Harebourg's Clock Hand,Hand
510,16786,Sand Cloak,Cloak
510,16787,Sand Breastplate,Breastplate
510,16788,Sand Hoppers,Boots
510,16789,Sand Ring,Ring
454,15415,Rattagain Headgear,Helmet
454,15416,Rattagain Amulet,Necklace
454,15418,Rattagain Boots,Boots
454,15417,Rattagain Breastplate,Breastplate
365,12386,Milimoowolf Headgear,Helmet
365,12385,Milimoowolf Fleece,Cloak
365,12384,Milimoowolf Bracelet,Ring
365,12383,Milimoowolf Amulet,Necklace
367,12770,Moowolf Headgear,Helmet
367,12769,Moowolf Finery,Cloak
367,12768,Moowolf Signet Ring,Ring
367,12767,Moowolf Bell,Necklace
512,16812,Beach Floats,Epaulettes
512,16813,Beach Sandals,Boots
512,16815,Beach Hat,Helmet
512,16814,Beach Towel,Cloak
381,13548,Vampyro's Headgear,Helmet
381,13545,Vampyro's Boots,Boots
381,13546,Vampyro's Belt,Belt
381,13547,Shadofang Ring,Ring
381,13544,Vampyro's Cape,Cloak
475,15621,Celestial Strich Cape,Cloak
475,15620,Celestial Strich Ring,Ring
475,15619,Celestial Strich Crest,Helmet
475,15617,Celestial Strichulet,Necklace
475,15616,Celestial Strich Legs,Boots
511,16802,Oyster Belt,Belt
511,16803,Oyster Ring,Ring
511,16804,Oyster Cloak,Cloak
511,16805,Oyster Oxters,Epaulettes
516,16903,Imperial Trool Helmet,Helmet
516,16904,Imperial Trool Belt,Belt
516,16905,Imperial Trool Breastplate,Breastplate
516,16906,Imperial Trool Epaulettes,Epaulettes
499,15977,Brrrbley Spears's Headgear,Helmet
499,15978,Brrrbley Spears's Cloak,Cloak
499,15975,Brrrbley Spears's Ring,Ring
499,15976,Brrrbley Spears's Boots,Boots
440,15199,Phosphorescent Boots,Boots
440,15201,Phosphorescent Ring,Ring
440,17006,Phosphorescent Breastplate,Breastplate
440,15200,Phosphorescent Amulet,Necklace
221,6978,Knot-a-Helmet,Clothes
221,6979,Knot-Epaulettes,Clothes
221,6980,Knot-a-Breastplate,Clothes
221,7029,Knot-a-Cloak,Clothes
221,6981,Knot-Boots,Clothes
221,6982,Knot-a-Belt,Clothes
394,14128,Excarnus Fleece,Breastplate
394,14129,Excarnus's Crystal,Necklace
394,14130,Excarnus Hooves,Boots
394,14131,Excarnus Veil,Cloak
495,15948,Boohemoth Boots,Boots
495,15954,Boohemoth Cloak,Cloak
495,15961,Boohemoth Headgear,Helmet
495,15964,Boohemoth Epaulettes,Epaulettes
508,16759,Strawberry Jelly Headgear,Helmet
508,16760,Blue Raspberry Jelly Bubboots,Boots
508,16761,Mint Jelly Breastplate,Breastplate
508,16762,Lemon Jelly Amulet,Necklace
222,6984,Knot-a-Sword,Weapons: Archive
513,16828,Swollen Amulet,Necklace
513,16829,Puffy Helmet,Helmet
513,16830,Inflatable Armbands,Epaulettes
513,16831,Blow-Up Shorts,Belt
234,12488,Black Crow's Helmet,Helmet
234,8247,Black Crow's Boots,Boots
234,12484,Black Crow's Epaulettes,Epaulettes
234,8249,Black Crow's Cloak,Cloak
388,13643,Fanfest #1 Fire Sword,Two-handed Sword
388,13644,Fanfest #1 Air Sword,Two-handed Sword
388,13645,Fanfest #1 Water Sword,Two-handed Sword
388,13646,Fanfest #1 Earth Sword,Two-handed Sword
388,13647,Fanfest #1 Air Bow,Bow
388,13648,Fanfest #1 Fire Bow,Bow
388,13649,Fanfest #1 Water Bow,Bow
388,13650,Fanfest #1 Earth Bow,Bow
395,14134,Milkar Finery,Cloak
395,14135,Milkar Fangs,Necklace
395,14136,Milkar Fur,Breastplate
395,14137,Milkar Mitts,Boots
416,14661,Azael's First Twin Dagger,Dagger
416,14812,Azael's Second Twin Dagger,Dagger
443,15284,Kroraging Helmet,Helmet
443,15288,Kroraging Torso,Breastplate
443,15292,Kroraging Cloak ,Cloak
443,15296,Kroraging Epaulettes ,Epaulettes
444,15285,Krotector Helmet,Helmet
444,15289,Krotector Torso ,Breastplate
444,15293,Krotector Cloak ,Cloak
444,15297,Krotector Epaulettes,Epaulettes
534,17105,Apprentice Helm,Helmet
534,17117,Apprentice Breastplate,Breastplate
534,17129,Apprentice Cape,Cloak
534,17141,Apprentice Amulet,Necklace
534,17152,Apprentice Epaulettes,Epaulettes
534,17165,Apprentice Belt,Belt
534,17177,Apprentice Boots,Boots
534,17189,Apprentice Ring,Ring
534,17210,Apprentice Shield,Shields
398,14432,Rampart Epaulettes,Epaulettes
398,14430,Rampart Boots,Boots
398,14431,Rampart Amulet,Necklace
398,15852,Rampart Cloak,Cloak
398,14433,Rampart Belt,Belt
509,16774,Royal Smoothettes,Epaulettes
509,16775,Royal Gumboots,Boots
509,16776,Royal Kir-Ring,Ring
509,16777,Royalty Crown,Helmet
476,15622,Divine Strich Wings,Cloak
476,15623,Divine Strich Miniskirt,Belt
476,15624,Divine Strichaulettes,Epaulettes
392,14115,Gobbalrog Helmet,Helmet
392,14117,Gobbalrog Boots,Boots
392,14118,Gobbalrog Belt,Belt
392,15851,Gobbalrog Cloak,Cloak
396,14140,White Crow Hackle,Epaulettes
396,14142,White Crow Breastplate,Breastplate
396,14143,White Crow Belt,Belt
396,14144,White Crow Wings,Cloak
496,15951,Polar Breastplate,Breastplate
496,15965,Polar Amulet,Necklace
496,15962,Polar Headgear,Helmet
496,15963,Polar Belt,Belt
501,16015,YeCh'Ti'Wawa Epaulettes,Epaulettes
501,16016,YeCh'Ti'Wawa Breastplate,Breastplate
501,16019,YeCh'Ti'Wawa's Belt,Belt
501,16018,YeCh'Ti'Wawa Amulet,Necklace
506,16121,Snowfoux Helmet,Helmet
506,16122,Snowfoux Cloak,Cloak
506,16123,Snowfoux Legs,Boots
497,15949,Icecast Bone Boots,Boots
497,15952,Icecast Bone Breastplate,Breastplate
497,15960,Icecast Bone Ring,Ring
497,15966,Icecast Bone Amulet,Necklace
504,16045,Necroforged Boots,Boots
504,16044,Necroforged Ring,Ring
504,16047,Necroforged Belt,Belt
504,16046,Necroforged Cloak,Cloak
393,14122,Magmog Feet,Boots
393,14123,Magmog Clinkers,Epaulettes
393,14124,Magmog Cloak,Cloak
393,14125,Magmog Halo,Ring
498,15971,Mecha-Breastplate,Breastplate
498,15953,Mecha-Cloak,Cloak
498,15972,Mecha-Helmet,Helmet
498,15973,Mecha-Epaulettes,Epaulettes
503,16033,Hagen Daz's Armor,Breastplate
503,16034,Hagen Daz Amulet,Necklace
503,16035,Hagen Daz's Helmet,Helmet
503,16036,Hagen Daz's Epaulettes,Epaulettes
403,14443,Worn Hushed Breastplate,Breastplate
403,14446,Worn Hushed Crown,Helmet
403,14449,Worn Hushed Cloak,Cloak
403,14452,Worn Hushed Amulet,Necklace
403,14455,Worn Hushed Belt,Belt
399,14444,Hushed Breastplate,Breastplate
399,14447,Hushed Crown,Helmet
399,14450,Hushed Cloak,Cloak
399,14454,Hushed Amulet,Necklace
399,14473,Hushed Belt,Belt
404,14445,Battered Hushed Breastplate,Breastplate
404,14448,Battered Hushed Crown,Helmet
404,14451,Battered Hushed Cloak,Cloak
404,14453,Battered Hushed Amulet,Necklace
404,14472,Battered Hushed Belt,Belt
518,16969,Larduous Hat,Helmet
518,16971,Larduous Epaulettes,Epaulettes
518,16972,Larduous Breastplate,Breastplate
518,16970,Larduous Boots,Boots
521,17254,Black Wabbit Paws,Boots
521,17252,Black Wabbit Bandana,Helmet
521,17253,Black Wabbit Undewweaw,Belt
521,17255,Black Wabbit Amulenewgy,Necklace
535,17101,Initiate Helm,Helmet
535,17113,Initiate Breastplate,Breastplate
535,17125,Initiate Cape,Cloak
535,17137,Initiate Amulet,Necklace
535,17149,Initiate Epaulettes,Epaulettes
535,17161,Initiate Belt,Belt
535,17173,Initiate Boots,Boots
535,17185,Initiate Ring,Ring
535,17782,Initiate Shield,Shields
517,17007,Dragon Pig Breastplate,Breastplate
517,16965,Dragon Pig Helmet,Helmet
517,16966,Dragon Pig Trotters,Boots
517,16967,Dragon Pig Winglets,Epaulettes
505,16056,Sylargh's Belt,Belt
505,16057,Sylargh's Amulet,Necklace
505,16058,Sylargh's Boots,Boots
505,16055,Sylargh's Epaulettes,Epaulettes
519,17228,Lenald Neal-muffs,Helmet
519,17231,Lenald Maltial Alt Belt,Belt
519,17230,Lenald Tabi,Boots
519,17229,Lenald Kimono,Breastplate
523,17278,Wabbit Mask,Helmet
523,17280,Wabbit Paws,Boots
523,17281,Wabbit Stampew,Ring
523,17279,Wabbit Coat,Breastplate
522,17271,Emiw Beawd,Breastplate
522,17269,Emiw Shoes,Boots
522,17270,Emiw Amulet,Necklace
522,17272,Emiw Wing,Ring
528,17338,Boney Zwombbit Epaulettes,Epaulettes
528,17340,Boney Zwombbit Claw,Ring
528,17341,Zwombbit Torso,Breastplate
528,17339,Boney Zwombbit Paws,Boots
536,17097,Sage Helm,Helmet
536,17109,Sage Breastplate,Breastplate
536,17121,Sage Cape,Cloak
536,17133,Sage Amulet,Necklace
536,17145,Sage Epaulettes,Epaulettes
536,17157,Sage Belt,Belt
536,17169,Sage Boots,Boots
536,17181,Sage Ring,Ring
536,17783,Sage Shield,Shields
520,17244,Empelol's Breastplate,Breastplate
520,17246,Emplolettes,Epaulettes
520,17245,Empelol's Ling,Ring
520,17247,Empelol's Cloak,Cloak
525,17306,Guawd Toga,Breastplate
525,17305,Gauwd Epaulettes,Epaulettes
525,17304,Gauwd Cloak,Cloak
525,17303,Guawd Helmet,Helmet
524,17294,Gwand Viziew's Cloak,Cloak
524,17295,Gwand Viziew's Beawd,Breastplate
524,17297,Gwand Viziew Amulet,Necklace
524,17296,Gwand Viziew Sandals,Boots
526,17320,Wobot Medal,Necklace
526,17321,Wobotic Back-up Undewweaw,Belt
526,17319,Wobot Glasses,Helmet
526,17322,Woboots,Boots
529,17355,Genetically Modified Belt,Belt
529,17356,Genetically Modified Boots,Boots
529,17354,Genetically Modified Cloak,Cloak
529,17357,Genetically Modified Epaulettes,Epaulettes
527,17330,Wa Wabbit's Awmbands,Epaulettes
527,17329,Wa Wabbit's Corset,Belt
527,17331,Wa Wabbit's Cloak,Cloak
527,17332,Wa Wabbit's Cwown,Helmet