18303,10 Lifetimes of Wisdom,Miscellaneous,1,/en/mmorpg/game-guide/items/385-miscellaneous/i18303-10-lifetimes-wisdom
15541,Abandoned Strichery Key,Keys,1,/en/mmorpg/game-guide/items/385-miscellaneous/317-keys/i15541-abandoned-strichery-key
11080,Adventurer Ikiakit,Haven Bag,1,/en/mmorpg/game-guide/items/385-miscellaneous/295-haven-bag/i11080-adventurer-ikiakit
14381,Ally McZeal,Krosmaster,1,/en/mmorpg/game-guide/items/385-miscellaneous/612-krosmaster/i14381-ally-mczeal
12690,Amak-Riktoken,Miscellaneous,1,/en/mmorpg/game-guide/items/385-miscellaneous/i12690-amak-riktoken
14395,Amalia,Krosmaster,1,/en/mmorpg/game-guide/items/385-miscellaneous/612-krosmaster/i14395-amalia
15826,Ambassador's Wing Key,Keys,1,/en/mmorpg/game-guide/items/385-miscellaneous/317-keys/i15826-ambassador-wing-key
14392,Anna Tommy,Krosmaster,1,/en/mmorpg/game-guide/items/385-miscellaneous/612-krosmaster/i14392-anna-tommy
15224,Arachnoshima Key,Keys,1,/en/mmorpg/game-guide/items/385-miscellaneous/317-keys/i15224-arachnoshima-key
9849,Area-of-Effect Weapons Forge,Display Windows and Crafting,1,/en/mmorpg/game-guide/items/385-miscellaneous/295-haven-bag/534-display-windows-crafting/i9849-area-effect-weapons-forge
14317,Arena Games Table,Haven Bag,1,/en/mmorpg/game-guide/items/385-miscellaneous/295-haven-bag/i14317-arena-games-table
14402,Argon Gass,Krosmaster,1,/en/mmorpg/game-guide/items/385-miscellaneous/612-krosmaster/i14402-argon-gass
9842,Armorer's Workshop,Display Windows and Crafting,1,/en/mmorpg/game-guide/items/385-miscellaneous/295-haven-bag/534-display-windows-crafting/i9842-armorer-workshop
17844,Backup Soles,Miscellaneous,1,/en/mmorpg/game-guide/items/385-miscellaneous/i17844-backup-soles
14389,Bad Aboum,Krosmaster,1,/en/mmorpg/game-guide/items/385-miscellaneous/612-krosmaster/i14389-bad-aboum
17843,Bag of Wood,Miscellaneous,1,/en/mmorpg/game-guide/items/385-miscellaneous/i17843-bag-wood
14374,Bill Tell,Krosmaster,1,/en/mmorpg/game-guide/items/385-miscellaneous/612-krosmaster/i14374-bill-tell
14164,Black Crow Token,Miscellaneous,1,/en/mmorpg/game-guide/items/385-miscellaneous/i14164-black-crow-token
9292,Blibli Key,Keys,1,/en/mmorpg/game-guide/items/385-miscellaneous/317-keys/i9292-blibli-key
12698,Blibloken,Miscellaneous,1,/en/mmorpg/game-guide/items/385-miscellaneous/i12698-blibloken
15184,Blood-Drenched Key,Keys,1,/en/mmorpg/game-guide/items/385-miscellaneous/317-keys/i15184-blood-drenched-key
12691,Bont-Riktoken,Miscellaneous,1,/en/mmorpg/game-guide/items/385-miscellaneous/i12691-bont-riktoken
14391,Boo Ming,Krosmaster,1,/en/mmorpg/game-guide/items/385-miscellaneous/612-krosmaster/i14391-boo-ming
12705,Boowolfken,Miscellaneous,1,/en/mmorpg/game-guide/items/385-miscellaneous/i12705-boowolfken
12771,Bowmeowken,Miscellaneous,1,/en/mmorpg/game-guide/items/385-miscellaneous/i12771-bowmeowken
12692,Brak-Riktoken,Miscellaneous,1,/en/mmorpg/game-guide/items/385-miscellaneous/i12692-brak-riktoken
9844,Bread Oven,Display Windows and Crafting,1,/en/mmorpg/game-guide/items/385-miscellaneous/295-haven-bag/534-display-windows-crafting/i9844-bread-oven
9864,Broken Item: Key of Destiny,Keys,1,/en/mmorpg/game-guide/items/385-miscellaneous/317-keys/i9864-broken-item-key-destiny
10819,Broken Item: Key of Respite,Keys,1,/en/mmorpg/game-guide/items/385-miscellaneous/317-keys/i10819-broken-item-key-respite
10818,Broken Item: Key of Trouble,Keys,1,/en/mmorpg/game-guide/items/385-miscellaneous/317-keys/i10818-broken-item-key-trouble
14986,Brotherhood of the Tofu Krosbox,Krosmaster,1,/en/mmorpg/game-guide/items/385-miscellaneous/612-krosmaster/i14986-brotherhood-tofu-krosbox
2340,Bucket o' Water,Miscellaneous,1,/en/mmorpg/game-guide/items/385-miscellaneous/i2340-bucket-o-water
17741,Captain Amakna,Krosmaster,1,/en/mmorpg/game-guide/items/385-miscellaneous/612-krosmaster/i17741-captain-amakna
12783,Castle Key,Keys,1,/en/mmorpg/game-guide/items/385-miscellaneous/317-keys/i12783-castle-key
15690,Celestial Crab Key,Keys,1,/en/mmorpg/game-guide/items/385-miscellaneous/317-keys/i15690-celestial-crab-key
12687,Celestial Gobbken,Miscellaneous,1,/en/mmorpg/game-guide/items/385-miscellaneous/i12687-celestial-gobbken
15583,Celestial Piwi Key,Keys,1,/en/mmorpg/game-guide/items/385-miscellaneous/317-keys/i15583-celestial-piwi-key
15597,Celestial Strichery Key,Keys,1,/en/mmorpg/game-guide/items/385-miscellaneous/317-keys/i15597-celestial-strichery-key
11421,Chafer Key,Keys,1,/en/mmorpg/game-guide/items/385-miscellaneous/317-keys/i11421-chafer-key
12703,Chafoken,Miscellaneous,1,/en/mmorpg/game-guide/items/385-miscellaneous/i12703-chafoken
10388,Chitteny Key,Keys,1,/en/mmorpg/game-guide/items/385-miscellaneous/317-keys/i10388-chitteny-key
17726,Clans Key,Keys,1,/en/mmorpg/game-guide/items/385-miscellaneous/317-keys/i17726-clans-key
9847,Close-Combat Weapons Forge,Display Windows and Crafting,1,/en/mmorpg/game-guide/items/385-miscellaneous/295-haven-bag/534-display-windows-crafting/i9847-close-combat-weapons-forge
17842,Cloth Bag,Miscellaneous,1,/en/mmorpg/game-guide/items/385-miscellaneous/i17842-cloth-bag
14394,Clot the Crapulous,Krosmaster,1,/en/mmorpg/game-guide/items/385-miscellaneous/612-krosmaster/i14394-clot-crapulous
14411,Cloud Knight,Krosmaster,1,/en/mmorpg/game-guide/items/385-miscellaneous/612-krosmaster/i14411-cloud-knight
8272,Cloudy Key,Keys,1,/en/mmorpg/game-guide/items/385-miscellaneous/317-keys/i8272-cloudy-key
15314,Cloudy Tofu Key,Keys,1,/en/mmorpg/game-guide/items/385-miscellaneous/317-keys/i15314-cloudy-tofu-key
14393,Coa Gulary,Krosmaster,1,/en/mmorpg/game-guide/items/385-miscellaneous/612-krosmaster/i14393-coa-gulary
11082,Collector Ikiakit,Haven Bag,1,/en/mmorpg/game-guide/items/385-miscellaneous/295-haven-bag/i11082-collector-ikiakit
17846,Concentrated Larva Mucus,Miscellaneous,1,/en/mmorpg/game-guide/items/385-miscellaneous/i17846-concentrated-larva-mucus
4353,Consumables Display Window,Display Windows and Crafting,1,/en/mmorpg/game-guide/items/385-miscellaneous/295-haven-bag/534-display-windows-crafting/i4353-consumables-display-window
17495,Count Frigost,Krosmaster,1,/en/mmorpg/game-guide/items/385-miscellaneous/612-krosmaster/i17495-count-frigost
17494,Count Harebourg,Krosmaster,1,/en/mmorpg/game-guide/items/385-miscellaneous/612-krosmaster/i17494-count-harebourg
12453,Crackly Key,Keys,1,/en/mmorpg/game-guide/items/385-miscellaneous/317-keys/i12453-crackly-key
15091,Cracktoken,Miscellaneous,1,/en/mmorpg/game-guide/items/385-miscellaneous/i15091-cracktoken
4264,Craft Haven-Gem,Haven-Gems,1,/en/mmorpg/game-guide/items/385-miscellaneous/295-haven-bag/294-haven-gems/i4264-craft-haven-gem
12528,Craft Haven-Gem Fragment,Miscellaneous,1,/en/mmorpg/game-guide/items/385-miscellaneous/i12528-craft-haven-gem-fragment
12688,Croboken,Miscellaneous,1,/en/mmorpg/game-guide/items/385-miscellaneous/i12688-croboken
15000,Cursed Key,Keys,1,/en/mmorpg/game-guide/items/385-miscellaneous/317-keys/i15000-cursed-key
16807,Dancehall Arena Key,Keys,1,/en/mmorpg/game-guide/items/385-miscellaneous/317-keys/i16807-dancehall-arena-key
14376,Dani O'Shun,Krosmaster,1,/en/mmorpg/game-guide/items/385-miscellaneous/612-krosmaster/i14376-dani-o-shun
14410,Darkness Knight,Krosmaster,1,/en/mmorpg/game-guide/items/385-miscellaneous/612-krosmaster/i14410-darkness-knight
4263,Deco Haven-Gem,Haven-Gems,1,/en/mmorpg/game-guide/items/385-miscellaneous/295-haven-bag/294-haven-gems/i4263-deco-haven-gem
12530,Deco Haven-Gem Fragment,Miscellaneous,1,/en/mmorpg/game-guide/items/385-miscellaneous/i12530-deco-haven-gem-fragment
12843,Destiny Token,Miscellaneous,1,/en/mmorpg/game-guide/items/385-miscellaneous/i12843-destiny-token
14382,Di Curey,Krosmaster,1,/en/mmorpg/game-guide/items/385-miscellaneous/612-krosmaster/i14382-di-curey
9940,Display Case,Display Windows and Crafting,1,/en/mmorpg/game-guide/items/385-miscellaneous/295-haven-bag/534-display-windows-crafting/i9940-display-case
9848,Distance Weapons Forge,Display Windows and Crafting,1,/en/mmorpg/game-guide/items/385-miscellaneous/295-haven-bag/534-display-windows-crafting/i9848-distance-weapons-forge
17419,Distill-It,Display Windows and Crafting,1,/en/mmorpg/game-guide/items/385-miscellaneous/295-haven-bag/534-display-windows-crafting/i17419-distill
16159,Dragon Pig Token,Miscellaneous,1,/en/mmorpg/game-guide/items/385-miscellaneous/i16159-dragon-pig-token
9577,Drheller Key,Keys,1,/en/mmorpg/game-guide/items/385-miscellaneous/317-keys/i9577-drheller-key
14412,Drop Knight,Krosmaster,1,/en/mmorpg/game-guide/items/385-miscellaneous/612-krosmaster/i14412-drop-knight
16845,Edible Leftover Gum,Miscellaneous,1,/en/mmorpg/game-guide/items/385-miscellaneous/i16845-edible-leftover-gum
12694,Elite Riktoken,Miscellaneous,1,/en/mmorpg/game-guide/items/385-miscellaneous/i12694-elite-riktoken
14207,Emerald Ikiakit,Haven Bag,1,/en/mmorpg/game-guide/items/385-miscellaneous/295-haven-bag/i14207-emerald-ikiakit
6808,Equipment Display Window,Display Windows and Crafting,1,/en/mmorpg/game-guide/items/385-miscellaneous/295-haven-bag/534-display-windows-crafting/i6808-equipment-display-window
18022,Eternal Firecracker,Miscellaneous,1,/en/mmorpg/game-guide/items/385-miscellaneous/i18022-eternal-firecracker
14373,Evangelyne,Krosmaster,1,/en/mmorpg/game-guide/items/385-miscellaneous/612-krosmaster/i14373-evangelyne
14162,Excarnus Token,Miscellaneous,1,/en/mmorpg/game-guide/items/385-miscellaneous/i14162-excarnus-token
16656,Fair Ticket,Miscellaneous,1,/en/mmorpg/game-guide/items/385-miscellaneous/i16656-fair-ticket
15139,Father Kwismas Boots,Miscellaneous,1,/en/mmorpg/game-guide/items/385-miscellaneous/i15139-father-kwismas-boots
15136,Father Kwismas Cloak,Miscellaneous,1,/en/mmorpg/game-guide/items/385-miscellaneous/i15136-father-kwismas-cloak
15138,Father Kwismas Coat,Miscellaneous,1,/en/mmorpg/game-guide/items/385-miscellaneous/i15138-father-kwismas-coat
15137,Father Kwismas Hat,Miscellaneous,1,/en/mmorpg/game-guide/items/385-miscellaneous/i15137-father-kwismas
15133,Father Kwismas's House Key,Keys,1,/en/mmorpg/game-guide/items/385-miscellaneous/317-keys/i15133-father-kwismas-house-key
15135,Father Kwismas Token,Miscellaneous,1,/en/mmorpg/game-guide/items/385-miscellaneous/i15135-father-kwismas-token
14397,Fern Sock'em,Krosmaster,1,/en/mmorpg/game-guide/items/385-miscellaneous/612-krosmaster/i14397-fern-sock-em
14413,Flame Knight,Krosmaster,1,/en/mmorpg/game-guide/items/385-miscellaneous/612-krosmaster/i14413-flame-knight
15853,Flask of Rum,Miscellaneous,1,/en/mmorpg/game-guide/items/385-miscellaneous/i15853-flask-rum
14401,Fraktor,Krosmaster,1,/en/mmorpg/game-guide/items/385-miscellaneous/612-krosmaster/i14401-fraktor
4266,Garden Haven-Gem,Haven-Gems,1,/en/mmorpg/game-guide/items/385-miscellaneous/295-haven-bag/294-haven-gems/i4266-garden-haven-gem
12527,Garden Haven-Gem Fragment,Miscellaneous,1,/en/mmorpg/game-guide/items/385-miscellaneous/i12527-garden-haven-gem-fragment
12686,Gobbken,Miscellaneous,1,/en/mmorpg/game-guide/items/385-miscellaneous/i12686-gobbken
11083,Golden Ikiakit,Haven Bag,1,/en/mmorpg/game-guide/items/385-miscellaneous/295-haven-bag/i11083-golden-ikiakit
14385,Goultard,Krosmaster,1,/en/mmorpg/game-guide/items/385-miscellaneous/612-krosmaster/i14385-goultard
14386,Goultard the Barbarian,Krosmaster,1,/en/mmorpg/game-guide/items/385-miscellaneous/612-krosmaster/i14386-goultard-barbarian
17420,Grind-It,Display Windows and Crafting,1,/en/mmorpg/game-guide/items/385-miscellaneous/295-haven-bag/534-display-windows-crafting/i17420-grind
17422,Gut-It,Display Windows and Crafting,1,/en/mmorpg/game-guide/items/385-miscellaneous/295-haven-bag/534-display-windows-crafting/i17422-gut
15773,Hagen Daz's Pot Key,Keys,1,/en/mmorpg/game-guide/items/385-miscellaneous/317-keys/i15773-hagen-daz-pot-key
15817,Harebourg Tower Key,Keys,1,/en/mmorpg/game-guide/items/385-miscellaneous/317-keys/i15817-harebourg-tower-key
18020,Hollow Tube,Miscellaneous,1,/en/mmorpg/game-guide/items/385-miscellaneous/i18020-hollow-tube
9863,Hoopiwi Key,Keys,1,/en/mmorpg/game-guide/items/385-miscellaneous/317-keys/i9863-hoopiwi-key
15825,Horned Glacier Key,Keys,1,/en/mmorpg/game-guide/items/385-miscellaneous/317-keys/i15825-horned-glacier-key
17334,Infected Wesewve Key,Keys,1,/en/mmorpg/game-guide/items/385-miscellaneous/317-keys/i17334-infected-wesewve-key
17727,Ingalsses' Cellar Key,Keys,1,/en/mmorpg/game-guide/items/385-miscellaneous/317-keys/i17727-ingalsses-cellar-key
16753,Jelly Key,Keys,1,/en/mmorpg/game-guide/items/385-miscellaneous/317-keys/i16753-jelly-key
14375,Jems Blond,Krosmaster,1,/en/mmorpg/game-guide/items/385-miscellaneous/612-krosmaster/i14375-jems-blond
9599,Justice Key,Keys,1,/en/mmorpg/game-guide/items/385-miscellaneous/317-keys/i9599-justice-key
14404,Kassius Kaos,Krosmaster,1,/en/mmorpg/game-guide/items/385-miscellaneous/612-krosmaster/i14404-kassius-kaos
14478,Key of Whispers,Keys,1,/en/mmorpg/game-guide/items/385-miscellaneous/317-keys/i14478-key-whispers
12778,Key to Grandmeow's House,Keys,1,/en/mmorpg/game-guide/items/385-miscellaneous/317-keys/i12778-key-grandmeow-house
10588,Key to the Reserve,Keys,1,/en/mmorpg/game-guide/items/385-miscellaneous/317-keys/i10588-key-reserve
8062,Key to the Three Pistes' Cave,Keys,1,/en/mmorpg/game-guide/items/385-miscellaneous/317-keys/i8062-key-three-pistes-cave
14388,King of the Gobballs,Krosmaster,1,/en/mmorpg/game-guide/items/385-miscellaneous/612-krosmaster/i14388-king-gobballs
6824,Kit Display Window,Display Windows and Crafting,1,/en/mmorpg/game-guide/items/385-miscellaneous/295-haven-bag/534-display-windows-crafting/i6824-kit-display-window
11081,Kit Ikiakit,Haven Bag,1,/en/mmorpg/game-guide/items/385-miscellaneous/295-haven-bag/i11081-kit-ikiakit
16477,Klime's Diary,Miscellaneous,1,/en/mmorpg/game-guide/items/385-miscellaneous/i16477-klime-diary
14396,Klor Ofil,Krosmaster,1,/en/mmorpg/game-guide/items/385-miscellaneous/612-krosmaster/i14396-klor-ofil
12702,Kokokoken,Miscellaneous,1,/en/mmorpg/game-guide/items/385-miscellaneous/i12702-kokokoken
11422,Kokoko Key,Keys,1,/en/mmorpg/game-guide/items/385-miscellaneous/317-keys/i11422-kokoko-key
14336,Krosbox,Krosmaster,1,/en/mmorpg/game-guide/items/385-miscellaneous/612-krosmaster/i14336-krosbox
14316,Krosmaster Display Window,Haven Bag,1,/en/mmorpg/game-guide/items/385-miscellaneous/295-haven-bag/i14316-krosmaster-display-window
14987,Krosmaster Krosbox 1,Krosmaster,1,/en/mmorpg/game-guide/items/385-miscellaneous/612-krosmaster/i14987-krosmaster-krosbox-1
14833,Larval Key,Keys,1,/en/mmorpg/game-guide/items/385-miscellaneous/317-keys/i14833-larval-key
18021,Larval Powder,Miscellaneous,1,/en/mmorpg/game-guide/items/385-miscellaneous/i18021-larval-powder
17853,Larva Mucus,Miscellaneous,1,/en/mmorpg/game-guide/items/385-miscellaneous/i17853-larva-mucus
14834,Larvoken,Miscellaneous,1,/en/mmorpg/game-guide/items/385-miscellaneous/i14834-larvoken
14414,Leaf Knight,Krosmaster,1,/en/mmorpg/game-guide/items/385-miscellaneous/612-krosmaster/i14414-leaf-knight
9850,Leather Dealer's Workshop,Display Windows and Crafting,1,/en/mmorpg/game-guide/items/385-miscellaneous/295-haven-bag/534-display-windows-crafting/i9850-leather-dealer-workshop
17224,Lenald Key,Keys,1,/en/mmorpg/game-guide/items/385-miscellaneous/317-keys/i17224-lenald-key
14380,Lil Healey,Krosmaster,1,/en/mmorpg/game-guide/items/385-miscellaneous/612-krosmaster/i14380-lil-healey
16835,Living Sweet Gum,Miscellaneous,1,/en/mmorpg/game-guide/items/385-miscellaneous/i16835-living-sweet-gum
14377,Luk Ylook,Krosmaster,1,/en/mmorpg/game-guide/items/385-miscellaneous/612-krosmaster/i14377-luk-ylook
12490,Lunar Key,Keys,1,/en/mmorpg/game-guide/items/385-miscellaneous/317-keys/i12490-lunar-key
14165,Magmog Token,Miscellaneous,1,/en/mmorpg/game-guide/items/385-miscellaneous/i14165-magmog-token
14398,Makum Bah,Krosmaster,1,/en/mmorpg/game-guide/items/385-miscellaneous/612-krosmaster/i14398-makum-bah
15190,Masked Key,Keys,1,/en/mmorpg/game-guide/items/385-miscellaneous/317-keys/i15190-masked-key
14405,Maskun John,Krosmaster,1,/en/mmorpg/game-guide/items/385-miscellaneous/612-krosmaster/i14405-maskun-john
13852,Master Key,Keys,1,/en/mmorpg/game-guide/items/385-miscellaneous/317-keys/i13852-master-key
4262,Merchant Haven-Gem,Haven-Gems,1,/en/mmorpg/game-guide/items/385-miscellaneous/295-haven-bag/294-haven-gems/i4262-merchant-haven-gem
12526,Merchant Haven-Gem Fragment,Miscellaneous,1,/en/mmorpg/game-guide/items/385-miscellaneous/i12526-merchant-haven-gem-fragment
17742,Merkator,Krosmaster,1,/en/mmorpg/game-guide/items/385-miscellaneous/612-krosmaster/i17742-merkator
14163,Milkar Token,Miscellaneous,1,/en/mmorpg/game-guide/items/385-miscellaneous/i14163-milkar-token
16849,Minigum Extract,Miscellaneous,1,/en/mmorpg/game-guide/items/385-miscellaneous/i16849-minigum-extract
4592,Miscellaneous Display Window,Display Windows and Crafting,1,/en/mmorpg/game-guide/items/385-miscellaneous/295-haven-bag/534-display-windows-crafting/i4592-miscellaneous-display-window
15130,Molluskular Key,Keys,1,/en/mmorpg/game-guide/items/385-miscellaneous/317-keys/i15130-molluskular-key
15131,Mollusoken,Miscellaneous,1,/en/mmorpg/game-guide/items/385-miscellaneous/i15131-mollusoken
12704,Montoken,Miscellaneous,1,/en/mmorpg/game-guide/items/385-miscellaneous/i12704-montoken
12697,Mushdkitoken,Miscellaneous,1,/en/mmorpg/game-guide/items/385-miscellaneous/i12697-mushdkitoken
16780,Mussly Hammam Key,Keys,1,/en/mmorpg/game-guide/items/385-miscellaneous/317-keys/i16780-mussly-hammam-key
14378,Naz Rael,Krosmaster,1,/en/mmorpg/game-guide/items/385-miscellaneous/612-krosmaster/i14378-naz-rael
17219,Nibbled Black Key,Keys,1,/en/mmorpg/game-guide/items/385-miscellaneous/317-keys/i17219-nibbled-black-key
17274,Nibbled Key,Keys,1,/en/mmorpg/game-guide/items/385-miscellaneous/317-keys/i17274-nibbled-key
12468,Note from Kabrok's Office,Keys,1,/en/mmorpg/game-guide/items/385-miscellaneous/317-keys/i12468-note-kabrok-office
14403,Nox,Krosmaster,1,/en/mmorpg/game-guide/items/385-miscellaneous/612-krosmaster/i14403-nox
14399,Oscar Kass,Krosmaster,1,/en/mmorpg/game-guide/items/385-miscellaneous/612-krosmaster/i14399-oscar-kass
17845,Pappy's Missive,Miscellaneous,1,/en/mmorpg/game-guide/items/385-miscellaneous/i17845-pappy-missive
17801,Pappy's Skeleton Key,Keys,1,/en/mmorpg/game-guide/items/385-miscellaneous/317-keys/i17801-pappy-skeleton-key
16834,Pass to the Jellix Dimension,Miscellaneous,1,/en/mmorpg/game-guide/items/385-miscellaneous/i16834-pass-jellix-dimension
14384,Percedal,Krosmaster,1,/en/mmorpg/game-guide/items/385-miscellaneous/612-krosmaster/i14384-percedal
14408,Percimol,Krosmaster,1,/en/mmorpg/game-guide/items/385-miscellaneous/612-krosmaster/i14408-percimol
10389,Petal Key,Keys,1,/en/mmorpg/game-guide/items/385-miscellaneous/317-keys/i10389-petal-key
12696,Piwitoken,Miscellaneous,1,/en/mmorpg/game-guide/items/385-miscellaneous/i12696-piwitoken
12701,Planken,Miscellaneous,1,/en/mmorpg/game-guide/items/385-miscellaneous/i12701-planken
17421,Polish-It,Display Windows and Crafting,1,/en/mmorpg/game-guide/items/385-miscellaneous/295-haven-bag/534-display-windows-crafting/i17421-polish
14337,,Krosmaster,1,/en/mmorpg/game-guide/items/385-miscellaneous/612-krosmaster/i14337-prestige-krosbox
16842,Program of Activities,Miscellaneous,1,/en/mmorpg/game-guide/items/385-miscellaneous/i16842-program-activities
17515,Program of Activities,Miscellaneous,1,/en/mmorpg/game-guide/items/385-miscellaneous/i17515-program-activities
15581,Puddly Key,Keys,1,/en/mmorpg/game-guide/items/385-miscellaneous/317-keys/i15581-puddly-key
14387,Queen of the Tofus,Krosmaster,1,/en/mmorpg/game-guide/items/385-miscellaneous/612-krosmaster/i14387-queen-tofus
14379,Quentin Flush,Krosmaster,1,/en/mmorpg/game-guide/items/385-miscellaneous/612-krosmaster/i14379-quentin-flush
15310,Ratatombs Key,Keys,1,/en/mmorpg/game-guide/items/385-miscellaneous/317-keys/i15310-ratatombs-key
14390,Remington Smisse,Krosmaster,1,/en/mmorpg/game-guide/items/385-miscellaneous/612-krosmaster/i14390-remington-smisse
8128,Resources Display Window,Display Windows and Crafting,1,/en/mmorpg/game-guide/items/385-miscellaneous/295-haven-bag/534-display-windows-crafting/i8128-resources-display-window
12844,Respite Token,Miscellaneous,1,/en/mmorpg/game-guide/items/385-miscellaneous/i12844-respite-token
11778,Riktus Den Key,Keys,1,/en/mmorpg/game-guide/items/385-miscellaneous/317-keys/i11778-riktus-den-key
11779,Riktus Elite Den Key,Keys,1,/en/mmorpg/game-guide/items/385-miscellaneous/317-keys/i11779-riktus-elite-den-key
15461,Royal Crab Key,Keys,1,/en/mmorpg/game-guide/items/385-miscellaneous/317-keys/i15461-royal-crab-key
15521,Royal Moogrr Key,Keys,1,/en/mmorpg/game-guide/items/385-miscellaneous/317-keys/i15521-royal-moogrr-key
14383,Ruel Stroud,Krosmaster,1,/en/mmorpg/game-guide/items/385-miscellaneous/612-krosmaster/i14383-ruel-stroud
17423,Saw-It,Display Windows and Crafting,1,/en/mmorpg/game-guide/items/385-miscellaneous/295-haven-bag/534-display-windows-crafting/i17423-saw
10390,Scaly Key,Keys,1,/en/mmorpg/game-guide/items/385-miscellaneous/317-keys/i10390-scaly-key
12699,Scaraken,Miscellaneous,1,/en/mmorpg/game-guide/items/385-miscellaneous/i12699-scaraken
18283,Scroll of Absolute Absolution,Miscellaneous,1,/en/mmorpg/game-guide/items/385-miscellaneous/i18283-scroll-absolute-absolution
18282,Scroll of Spells and Specialties,Miscellaneous,1,/en/mmorpg/game-guide/items/385-miscellaneous/i18282-scroll-spells-specialties
9843,Setter,Display Windows and Crafting,1,/en/mmorpg/game-guide/items/385-miscellaneous/295-haven-bag/534-display-windows-crafting/i9843-setter
14409,Shak Shaka,Krosmaster,1,/en/mmorpg/game-guide/items/385-miscellaneous/612-krosmaster/i14409-shak-shaka
15090,Sharkoken,Miscellaneous,1,/en/mmorpg/game-guide/items/385-miscellaneous/i15090-sharkoken
9898,Skeleton Key,Keys,1,/en/mmorpg/game-guide/items/385-miscellaneous/317-keys/i9898-skeleton-key
8223,Slimy Key,Keys,1,/en/mmorpg/game-guide/items/385-miscellaneous/317-keys/i8223-slimy-key
11079,Small Ikiakit,Haven Bag,1,/en/mmorpg/game-guide/items/385-miscellaneous/295-haven-bag/i11079-small-ikiakit
9561,Small Kit Display Window,Display Windows and Crafting,1,/en/mmorpg/game-guide/items/385-miscellaneous/295-haven-bag/534-display-windows-crafting/i9561-small-kit-display-window
12700,Snappken,Miscellaneous,1,/en/mmorpg/game-guide/items/385-miscellaneous/i12700-snappken
17606,Soul Shard,Miscellaneous,1,/en/mmorpg/game-guide/items/385-miscellaneous/i17606-soul-shard
18006,Spring Has Sprung Token,Miscellaneous,1,/en/mmorpg/game-guide/items/385-miscellaneous/i18006-spring-sprung-token
14400,Srammy,Krosmaster,1,/en/mmorpg/game-guide/items/385-miscellaneous/612-krosmaster/i14400-srammy
12787,Stasili Drill,Miscellaneous,1,/en/mmorpg/game-guide/items/385-miscellaneous/i12787-stasili-drill
12805,Stasili Stone,Miscellaneous,1,/en/mmorpg/game-guide/items/385-miscellaneous/i12805-stasili-stone
15185,Stone Cold Key,Keys,1,/en/mmorpg/game-guide/items/385-miscellaneous/317-keys/i15185-stone-cold-key
9845,Stove,Display Windows and Crafting,1,/en/mmorpg/game-guide/items/385-miscellaneous/295-haven-bag/534-display-windows-crafting/i9845-stove
17803,Stripers Trenchment Key,Keys,1,/en/mmorpg/game-guide/items/385-miscellaneous/317-keys/i17803-stripers-trenchment-key
12693,Sufok-Riktoken,Miscellaneous,1,/en/mmorpg/game-guide/items/385-miscellaneous/i12693-sufok-riktoken
17066,Sweet Blue Raspberry Jely,Miscellaneous,1,/en/mmorpg/game-guide/items/385-miscellaneous/i17066-sweet-blue-raspberry-jely
16843,Sweet Gum Fragment,Miscellaneous,1,/en/mmorpg/game-guide/items/385-miscellaneous/i16843-sweet-gum-fragment
16837,Sweet Gum Sapling,Haven Bag,1,/en/mmorpg/game-guide/items/385-miscellaneous/295-haven-bag/i16837-sweet-gum-sapling
17065,Sweet Lemon Jely,Miscellaneous,1,/en/mmorpg/game-guide/items/385-miscellaneous/i17065-sweet-lemon-jely
17063,Sweet Mint Jely,Miscellaneous,1,/en/mmorpg/game-guide/items/385-miscellaneous/i17063-sweet-mint-jely
17064,Sweet Strawberry Jely,Miscellaneous,1,/en/mmorpg/game-guide/items/385-miscellaneous/i17064-sweet-strawberry-jely
9851,Tailor's Workshop,Display Windows and Crafting,1,/en/mmorpg/game-guide/items/385-miscellaneous/295-haven-bag/534-display-windows-crafting/i9851-tailor-workshop
17424,Tan-It,Display Windows and Crafting,1,/en/mmorpg/game-guide/items/385-miscellaneous/295-haven-bag/534-display-windows-crafting/i17424-tan
11387,Tasteless Seed,Miscellaneous,1,/en/mmorpg/game-guide/items/385-miscellaneous/i11387-tasteless-seed
4346,Tiny Kit Display Window,Display Windows and Crafting,1,/en/mmorpg/game-guide/items/385-miscellaneous/295-haven-bag/534-display-windows-crafting/i4346-tiny-kit-display-window
12773,Tofoken,Miscellaneous,1,/en/mmorpg/game-guide/items/385-miscellaneous/i12773-tofoken
12781,Tofuhouse Key,Keys,1,/en/mmorpg/game-guide/items/385-miscellaneous/317-keys/i12781-tofuhouse-key
17854,Training Room Key,Miscellaneous,1,/en/mmorpg/game-guide/items/385-miscellaneous/i17854-training-room-key
14858,Treechnid Key,Keys,1,/en/mmorpg/game-guide/items/385-miscellaneous/317-keys/i14858-treechnid-key
14857,Treetoken,Miscellaneous,1,/en/mmorpg/game-guide/items/385-miscellaneous/i14857-treetoken
9264,Ugly Key,Keys,1,/en/mmorpg/game-guide/items/385-miscellaneous/317-keys/i9264-ugly-key
12689,Ugtoken,Miscellaneous,1,/en/mmorpg/game-guide/items/385-miscellaneous/i12689-ugtoken
15191,Undieworld Key,Keys,1,/en/mmorpg/game-guide/items/385-miscellaneous/317-keys/i15191-undieworld-key
16070,Untreated Fur from a Brrrbli with the Lurgi,Miscellaneous,1,/en/mmorpg/game-guide/items/385-miscellaneous/i16070-untreated-brrrbli-with-lurgi
12774,Vampoken,Miscellaneous,1,/en/mmorpg/game-guide/items/385-miscellaneous/i12774-vampoken
14406,Viktor don Voom,Krosmaster,1,/en/mmorpg/game-guide/items/385-miscellaneous/612-krosmaster/i14406-viktor-don-voom
16833,VIP Pass for the Bilbrary,Miscellaneous,1,/en/mmorpg/game-guide/items/385-miscellaneous/i16833-vip-pass-bilbrary
15334,Whirly Key,Keys,1,/en/mmorpg/game-guide/items/385-miscellaneous/317-keys/i15334-whirly-key
14417,Whispering Key,Keys,1,/en/mmorpg/game-guide/items/385-miscellaneous/317-keys/i14417-whispering-key
17299,Wobotic Key,Keys,1,/en/mmorpg/game-guide/items/385-miscellaneous/317-keys/i17299-wobotic-key
17020,Wodent Dungeon Key,Keys,1,/en/mmorpg/game-guide/items/385-miscellaneous/317-keys/i17020-wodent-dungeon-key
17497,Wolfram's Secret Garden Key,Miscellaneous,1,/en/mmorpg/game-guide/items/385-miscellaneous/i17497-wolfram-secret-garden-key
9846,Wood Lathe,Display Windows and Crafting,1,/en/mmorpg/game-guide/items/385-miscellaneous/295-haven-bag/534-display-windows-crafting/i9846-wood-lathe
8060,Woolly Key,Keys,1,/en/mmorpg/game-guide/items/385-miscellaneous/317-keys/i8060-woolly-key
15821,YeCh'Ti'Wawa's Kennel Key,Keys,1,/en/mmorpg/game-guide/items/385-miscellaneous/317-keys/i15821-yech-ti-wawa-kennel-key
14407,Yugo,Krosmaster,1,/en/mmorpg/game-guide/items/385-miscellaneous/612-krosmaster/i14407-yugo
16979,Scroll of Amaknian Allegiance,Miscellaneous,2,/en/mmorpg/game-guide/items/385-miscellaneous/i16979-scroll-amaknian-allegiance
16981,Scroll of Bontarian Allegiance,Miscellaneous,2,/en/mmorpg/game-guide/items/385-miscellaneous/i16981-scroll-bontarian-allegiance
16980,Scroll of Brakmarian Allegiance,Miscellaneous,2,/en/mmorpg/game-guide/items/385-miscellaneous/i16980-scroll-brakmarian-allegiance
16982,Scroll of Sufokian Allegiance,Miscellaneous,2,/en/mmorpg/game-guide/items/385-miscellaneous/i16982-scroll-sufokian-allegiance
17929,Gelano Fragment,Miscellaneous,70,/en/mmorpg/game-guide/items/385-miscellaneous/i17929-gelano-fragment
16473,Nileza's Diving Equipment,Miscellaneous,100,/en/mmorpg/game-guide/items/385-miscellaneous/i16473-nileza-diving-equipment
16471,Instruction Manual for the H.O.T. Machine,Miscellaneous,105,/en/mmorpg/game-guide/items/385-miscellaneous/i16471-instruction-manual-h-o-machine
15985,Strange Ice Fragment,Miscellaneous,105,/en/mmorpg/game-guide/items/385-miscellaneous/i15985-strange-ice-fragment
18000,Celestial Bearbarian Fragment,Miscellaneous,110,/en/mmorpg/game-guide/items/385-miscellaneous/i18000-celestial-bearbarian-fragment
18001,Solomonk Fragment,Miscellaneous,120,/en/mmorpg/game-guide/items/385-miscellaneous/i18001-solomonk-fragment
18002,Powerful Dazzling Belt Fragment,Miscellaneous,125,/en/mmorpg/game-guide/items/385-miscellaneous/i18002-powerful-dazzling-belt-fragment
18003,Nettlez Fragment,Miscellaneous,140,/en/mmorpg/game-guide/items/385-miscellaneous/i18003-nettlez-fragment
15983,1 Ice Kama,Miscellaneous,0,/en/mmorpg/game-guide/items/385-miscellaneous/i15983-1-ice-kama
8139,A Guide to Long-Distance Relationships,Miscellaneous,0,/en/mmorpg/game-guide/items/385-miscellaneous/i8139-guide-long-distance-relationships
15839,Ancient Frozen Key,Miscellaneous,0,/en/mmorpg/game-guide/items/385-miscellaneous/i15839-ancient-frozen-key
11424,Archmonster Ballot Paper,Miscellaneous,0,/en/mmorpg/game-guide/items/385-miscellaneous/i11424-archmonster-ballot-paper
17426,Auction Program,Miscellaneous,0,/en/mmorpg/game-guide/items/385-miscellaneous/i17426-auction-program
16682,Ayron Fan Haven Bag Kit,Haven Bag,0,/en/mmorpg/game-guide/items/385-miscellaneous/295-haven-bag/i16682-ayron-fan-haven-bag-kit
16073,Bait Extractor,Miscellaneous,0,/en/mmorpg/game-guide/items/385-miscellaneous/i16073-bait-extractor
11423,Ballot Paper,Miscellaneous,0,/en/mmorpg/game-guide/items/385-miscellaneous/i11423-ballot-paper
16572,Black Crow Haven Bag Kit,Haven Bag,0,/en/mmorpg/game-guide/items/385-miscellaneous/295-haven-bag/i16572-black-crow-haven-bag-kit
17859,Blue Gem,Miscellaneous,0,/en/mmorpg/game-guide/items/385-miscellaneous/i17859-blue-gem
8135,Boarding in Ten Lessons,Miscellaneous,0,/en/mmorpg/game-guide/items/385-miscellaneous/i8135-boarding-ten-lessons
17798,Bomb Fuse,Miscellaneous,0,/en/mmorpg/game-guide/items/385-miscellaneous/i17798-bomb-fuse
12006,Bontarian Guardian Hood,Miscellaneous,0,/en/mmorpg/game-guide/items/385-miscellaneous/i12006-bontarian-guardian-hood
12007,Brakmarian Guardian Hood,Miscellaneous,0,/en/mmorpg/game-guide/items/385-miscellaneous/i12007-brakmarian-guardian-hood
17841,Broken Bwork Ceramic,Miscellaneous,0,/en/mmorpg/game-guide/items/385-miscellaneous/i17841-broken-bwork-ceramic
17839,Broken Bwork Fork,Miscellaneous,0,/en/mmorpg/game-guide/items/385-miscellaneous/i17839-broken-bwork-fork
17840,Broken Bwork Pottery,Miscellaneous,0,/en/mmorpg/game-guide/items/385-miscellaneous/i17840-broken-bwork-pottery
11348,Broken Item: Piece of Moze's Pendant,Miscellaneous,0,/en/mmorpg/game-guide/items/385-miscellaneous/i11348-broken-item-piece-moze-pendant
17877,Bworkball Registration,Miscellaneous,0,/en/mmorpg/game-guide/items/385-miscellaneous/i17877-bworkball-registration
17830,Bwork Beer,Miscellaneous,0,/en/mmorpg/game-guide/items/385-miscellaneous/i17830-bwork-beer
17831,Bwork Burger,Miscellaneous,0,/en/mmorpg/game-guide/items/385-miscellaneous/i17831-bwork-burger
17855,Bwork Temple Prison Key,Miscellaneous,0,/en/mmorpg/game-guide/items/385-miscellaneous/i17855-bwork-temple-prison-key
14886,Calamari's Compass,Miscellaneous,0,/en/mmorpg/game-guide/items/385-miscellaneous/i14886-calamari-compass
15369,Cap'n Amakna's Map,Miscellaneous,0,/en/mmorpg/game-guide/items/385-miscellaneous/i15369-cap-amakna-map
15376,Cap'n Bawbossa's Map,Miscellaneous,0,/en/mmorpg/game-guide/items/385-miscellaneous/i15376-cap-bawbossa-map
15381,Cap'n Chafer's Map,Miscellaneous,0,/en/mmorpg/game-guide/items/385-miscellaneous/i15381-cap-chafer-map
15380,Cap'n Craps's Map,Miscellaneous,0,/en/mmorpg/game-guide/items/385-miscellaneous/i15380-cap-craps-map
15375,Cap'n Dark Hurl's Map,Miscellaneous,0,/en/mmorpg/game-guide/items/385-miscellaneous/i15375-cap-dark-hurl-map
15370,Cap'n Flex's Map,Miscellaneous,0,/en/mmorpg/game-guide/items/385-miscellaneous/i15370-cap-flex-map
15378,Cap'n Gluglug's Map,Miscellaneous,0,/en/mmorpg/game-guide/items/385-miscellaneous/i15378-cap-gluglug-map
15373,Cap'n Haba's Map,Miscellaneous,0,/en/mmorpg/game-guide/items/385-miscellaneous/i15373-cap-haba-map
15377,Cap'n Krik's Map,Miscellaneous,0,/en/mmorpg/game-guide/items/385-miscellaneous/i15377-cap-krik-map
15371,Cap'n LeChouque's Map,Miscellaneous,0,/en/mmorpg/game-guide/items/385-miscellaneous/i15371-cap-lechouque-map
15374,Cap'n Nebo's Map,Miscellaneous,0,/en/mmorpg/game-guide/items/385-miscellaneous/i15374-cap-nebo-map
15379,Cap'n Pavement's Map,Miscellaneous,0,/en/mmorpg/game-guide/items/385-miscellaneous/i15379-cap-pavement-map
15368,Cap'n Sprunga Leek's Map,Miscellaneous,0,/en/mmorpg/game-guide/items/385-miscellaneous/i15368-cap-sprunga-leek-map
16680,Captain Amakna Haven Bag Kit,Haven Bag,0,/en/mmorpg/game-guide/items/385-miscellaneous/295-haven-bag/i16680-captain-amakna-haven-bag-kit
15383,Captain Ardier's Map,Miscellaneous,0,/en/mmorpg/game-guide/items/385-miscellaneous/i15383-captain-ardier-map
15382,Captain Hairnet's Map,Miscellaneous,0,/en/mmorpg/game-guide/items/385-miscellaneous/i15382-captain-hairnet-map
15372,Captain Hake's Map,Miscellaneous,0,/en/mmorpg/game-guide/items/385-miscellaneous/i15372-captain-hake-map
16072,Cargo Stolen from Styffen Chillberg,Miscellaneous,0,/en/mmorpg/game-guide/items/385-miscellaneous/i16072-cargo-stolen-styffen-chillberg
11418,Chafer Jaw,Miscellaneous,0,/en/mmorpg/game-guide/items/385-miscellaneous/i11418-chafer-jaw
11417,Chafer Radius,Miscellaneous,0,/en/mmorpg/game-guide/items/385-miscellaneous/i11417-chafer-radius
11419,Chafer Ribs,Miscellaneous,0,/en/mmorpg/game-guide/items/385-miscellaneous/i11419-chafer-ribs
15838,Climbing Gear,Miscellaneous,0,/en/mmorpg/game-guide/items/385-miscellaneous/i15838-climbing-gear
18023,CMC Gem,Miscellaneous,0,/en/mmorpg/game-guide/items/385-miscellaneous/i18023-cmc-gem
17799,Complete Bomb,Miscellaneous,0,/en/mmorpg/game-guide/items/385-miscellaneous/i17799-complete-bomb
15993,Count Harebourg's Chambers Key,Miscellaneous,0,/en/mmorpg/game-guide/items/385-miscellaneous/i15993-count-harebourg-chambers-key
12556,Cra's Range,Miscellaneous,0,/en/mmorpg/game-guide/items/385-miscellaneous/i12556-cra-range
17926,Damage Gem,Miscellaneous,0,/en/mmorpg/game-guide/items/385-miscellaneous/i17926-damage-gem
15932,Death Certificate,Miscellaneous,0,/en/mmorpg/game-guide/items/385-miscellaneous/i15932-death-certificate
16102,Deepboar's Clinic Key,Miscellaneous,0,/en/mmorpg/game-guide/items/385-miscellaneous/i16102-deepboar-clinic-key
17922,Dodge Gem,Miscellaneous,0,/en/mmorpg/game-guide/items/385-miscellaneous/i17922-dodge-gem
17370,Dowsing Rod,Miscellaneous,0,/en/mmorpg/game-guide/items/385-miscellaneous/i17370-dowsing-rod
12346,Ecaflip's Die,Miscellaneous,0,/en/mmorpg/game-guide/items/385-miscellaneous/i12346-ecaflip
12557,Eniripsa's Hands,Miscellaneous,0,/en/mmorpg/game-guide/items/385-miscellaneous/i12557-eniripsa-hands
9729,Enlist!,Miscellaneous,0,/en/mmorpg/game-guide/items/385-miscellaneous/i9729-enlist
12634,Enutrof's Fingers,Miscellaneous,0,/en/mmorpg/game-guide/items/385-miscellaneous/i12634-enutrof-fingers
17828,Essence of Bwork,Miscellaneous,0,/en/mmorpg/game-guide/items/385-miscellaneous/i17828-essence-bwork
17797,Excavation Equipment,Miscellaneous,0,/en/mmorpg/game-guide/items/385-miscellaneous/i17797-excavation-equipment
8053,Farmers' Treatise,Miscellaneous,0,/en/mmorpg/game-guide/items/385-miscellaneous/i8053-farmers-treatise
15933,Father Deepboar's Scepter,Miscellaneous,0,/en/mmorpg/game-guide/items/385-miscellaneous/i15933-father-deepboar-scepter
12558,Feca's Shield,Miscellaneous,0,/en/mmorpg/game-guide/items/385-miscellaneous/i12558-feca-shield
17711,Female Armor Showcase,Display Windows and Crafting,0,/en/mmorpg/game-guide/items/385-miscellaneous/295-haven-bag/534-display-windows-crafting/i17711-female-armor-showcase
16861,Female Disco Dummy,Display Windows and Crafting,0,/en/mmorpg/game-guide/items/385-miscellaneous/295-haven-bag/534-display-windows-crafting/i16861-female-disco-dummy
14738,Female Dummy,Display Windows and Crafting,0,/en/mmorpg/game-guide/items/385-miscellaneous/295-haven-bag/534-display-windows-crafting/i14738-female-dummy
16860,Female Dummy with Raised Arms,Display Windows and Crafting,0,/en/mmorpg/game-guide/items/385-miscellaneous/295-haven-bag/534-display-windows-crafting/i16860-female-dummy-with-raised-arms
16862,Female Dummy with Raised Fist,Display Windows and Crafting,0,/en/mmorpg/game-guide/items/385-miscellaneous/295-haven-bag/534-display-windows-crafting/i16862-female-dummy-with-raised-fist
15934,First Part of the Pickaxe,Miscellaneous,0,/en/mmorpg/game-guide/items/385-miscellaneous/i15934-first-part-pickaxe
8071,For Miners Who Do Not Undermine,Miscellaneous,0,/en/mmorpg/game-guide/items/385-miscellaneous/i8071-miners-do-not-undermine
15984,Freezepop Lab Key,Miscellaneous,0,/en/mmorpg/game-guide/items/385-miscellaneous/i15984-freezepop-lab-key
16168,Frigostian Haven Bag Kit,Haven Bag,0,/en/mmorpg/game-guide/items/385-miscellaneous/295-haven-bag/i16168-frigostian-haven-bag-kit
17450,Gallely Palchment,Miscellaneous,0,/en/mmorpg/game-guide/items/385-miscellaneous/i17450-gallely-palchment
15577,Golden Api Scroll,Miscellaneous,0,/en/mmorpg/game-guide/items/385-miscellaneous/i15577-golden-api-scroll
9614,Grambo Machine Plans,Miscellaneous,0,/en/mmorpg/game-guide/items/385-miscellaneous/i9614-grambo-machine-plans
11402,Greedoblop Water,Miscellaneous,0,/en/mmorpg/game-guide/items/385-miscellaneous/i11402-greedoblop-water
17860,Green Gem,Miscellaneous,0,/en/mmorpg/game-guide/items/385-miscellaneous/i17860-green-gem
17585,Gweat Blue GM Wabbit,Miscellaneous,0,/en/mmorpg/game-guide/items/385-miscellaneous/i17585-gweat-blue-gm-wabbit
8146,Hard to Hurt,Miscellaneous,0,/en/mmorpg/game-guide/items/385-miscellaneous/i8146-hard-hurt
16687,Harebourg Haven Bag Kit,Haven Bag,0,/en/mmorpg/game-guide/items/385-miscellaneous/295-haven-bag/i16687-harebourg-haven-bag-kit
15992,Hazieff's Helmet Recipe,Miscellaneous,0,/en/mmorpg/game-guide/items/385-miscellaneous/i15992-hazieff-helmet-recipe
15991,Hazieff's Pickaxe Recipe,Miscellaneous,0,/en/mmorpg/game-guide/items/385-miscellaneous/i15991-hazieff-pickaxe-recipe
17821,Headpiece of Arrrghhh,Miscellaneous,0,/en/mmorpg/game-guide/items/385-miscellaneous/i17821-headpiece-arrrghhh
15941,Iced Metal Pickaxe,Miscellaneous,0,/en/mmorpg/game-guide/items/385-miscellaneous/i15941-iced-metal-pickaxe
17925,Initiative Gem,Miscellaneous,0,/en/mmorpg/game-guide/items/385-miscellaneous/i17925-initiative-gem
8136,In Search of Lost Thyme,Miscellaneous,0,/en/mmorpg/game-guide/items/385-miscellaneous/i8136-search-lost-thyme
10656,Iop's Heart,Miscellaneous,0,/en/mmorpg/game-guide/items/385-miscellaneous/i10656-iop-heart
16560,Justice Haven Bag Kit,Haven Bag,0,/en/mmorpg/game-guide/items/385-miscellaneous/295-haven-bag/i16560-justice-haven-bag-kit
8137,Keep Fishinâ€™,Miscellaneous,0,/en/mmorpg/game-guide/items/385-miscellaneous/i8137-keep-fishin
15860,Key of Death,Miscellaneous,0,/en/mmorpg/game-guide/items/385-miscellaneous/i15860-key-death
15861,Key of Immortality,Miscellaneous,0,/en/mmorpg/game-guide/items/385-miscellaneous/i15861-key-immortality
15859,Key of Life,Miscellaneous,0,/en/mmorpg/game-guide/items/385-miscellaneous/i15859-key-life
15858,Key of Magma,Miscellaneous,0,/en/mmorpg/game-guide/items/385-miscellaneous/i15858-key-magma
15857,Key of Steam,Miscellaneous,0,/en/mmorpg/game-guide/items/385-miscellaneous/i15857-key-steam
17864,Key to the Excavation Site,Miscellaneous,0,/en/mmorpg/game-guide/items/385-miscellaneous/i17864-key-excavation-site
16127,Klap-Klap's Storehouse Key,Miscellaneous,0,/en/mmorpg/game-guide/items/385-miscellaneous/i16127-klap-klap-storehouse-key
16683,Laughing Clown Haven Bag Kit,Haven Bag,0,/en/mmorpg/game-guide/items/385-miscellaneous/295-haven-bag/i16683-laughing-clown-haven-bag-kit
12005,Leader Hood,Miscellaneous,0,/en/mmorpg/game-guide/items/385-miscellaneous/i12005-leader-hood
8141,Learning to Stay in Touch,Miscellaneous,0,/en/mmorpg/game-guide/items/385-miscellaneous/i8141-learning-stay-touch
17923,Lock Gem,Miscellaneous,0,/en/mmorpg/game-guide/items/385-miscellaneous/i17923-lock-gem
8145,Looking After the Family Jewels,Miscellaneous,0,/en/mmorpg/game-guide/items/385-miscellaneous/i8145-looking-family-jewels
15854,Makeshift Diving Equipment,Miscellaneous,0,/en/mmorpg/game-guide/items/385-miscellaneous/i15854-makeshift-diving-equipment
17712,Male Armor Showcase,Display Windows and Crafting,0,/en/mmorpg/game-guide/items/385-miscellaneous/295-haven-bag/534-display-windows-crafting/i17712-male-armor-showcase
16857,Male Disco Dummy,Display Windows and Crafting,0,/en/mmorpg/game-guide/items/385-miscellaneous/295-haven-bag/534-display-windows-crafting/i16857-male-disco-dummy
14737,Male Dummy,Display Windows and Crafting,0,/en/mmorpg/game-guide/items/385-miscellaneous/295-haven-bag/534-display-windows-crafting/i14737-male-dummy
16858,Male Dummy with Raised Arms,Display Windows and Crafting,0,/en/mmorpg/game-guide/items/385-miscellaneous/295-haven-bag/534-display-windows-crafting/i16858-male-dummy-with-raised-arms
16859,Male Dummy with Raised Fist,Display Windows and Crafting,0,/en/mmorpg/game-guide/items/385-miscellaneous/295-haven-bag/534-display-windows-crafting/i16859-male-dummy-with-raised-fist
16158,Maritime Map,Miscellaneous,0,/en/mmorpg/game-guide/items/385-miscellaneous/i16158-maritime-map
16065,Masqueraider Mystique,Miscellaneous,0,/en/mmorpg/game-guide/items/385-miscellaneous/i16065-masqueraider-mystique
8143,Measuring Up,Miscellaneous,0,/en/mmorpg/game-guide/items/385-miscellaneous/i8143-measuring-up
9613,Mechanical Insect,Miscellaneous,0,/en/mmorpg/game-guide/items/385-miscellaneous/i9613-mechanical-insect
12324,Mimikibble,Miscellaneous,0,/en/mmorpg/game-guide/items/385-miscellaneous/i12324-mimikibble
12325,Mimik Slobber,Miscellaneous,0,/en/mmorpg/game-guide/items/385-miscellaneous/i12325-mimik-slobber
16684,Mister Fabulosse Haven Bag Kit,Haven Bag,0,/en/mmorpg/game-guide/items/385-miscellaneous/295-haven-bag/i16684-mister-fabulosse-haven-bag-kit
17829,Mobbits,Miscellaneous,0,/en/mmorpg/game-guide/items/385-miscellaneous/i17829-mobbits
17373,Nun Chukapi,Miscellaneous,0,/en/mmorpg/game-guide/items/385-miscellaneous/i17373-chukapi
12559,Osamodas's Whip,Miscellaneous,0,/en/mmorpg/game-guide/items/385-miscellaneous/i12559-osamodas-whip
12633,Pandawa's Pint,Miscellaneous,0,/en/mmorpg/game-guide/items/385-miscellaneous/i12633-pandawa-pint
17851,Part of the Headpiece of Arrrghhh,Miscellaneous,0,/en/mmorpg/game-guide/items/385-miscellaneous/i17851-part-headpiece-arrrghhh
16681,Percimol Haven Bag Kit,Haven Bag,0,/en/mmorpg/game-guide/items/385-miscellaneous/295-haven-bag/i16681-percimol-haven-bag-kit
15931,Polished Metal Piece,Miscellaneous,0,/en/mmorpg/game-guide/items/385-miscellaneous/i15931-polished-metal-piece
17857,Red Gem,Miscellaneous,0,/en/mmorpg/game-guide/items/385-miscellaneous/i17857-red-gem
16147,Refined Taroudium,Miscellaneous,0,/en/mmorpg/game-guide/items/385-miscellaneous/i16147-refined-taroudium
17927,Resistance Gem,Miscellaneous,0,/en/mmorpg/game-guide/items/385-miscellaneous/i17927-resistance-gem
8073,Rising to the Occasion,Miscellaneous,0,/en/mmorpg/game-guide/items/385-miscellaneous/i8073-rising-occasion
12560,Sacrier's Blood,Miscellaneous,0,/en/mmorpg/game-guide/items/385-miscellaneous/i12560-sacrier-blood
10814,Sadida's Shoe,Miscellaneous,0,/en/mmorpg/game-guide/items/385-miscellaneous/i10814-sadida-shoe
8144,Safely Salvaging Furniture,Miscellaneous,0,/en/mmorpg/game-guide/items/385-miscellaneous/i8144-safely-salvaging-furniture
16071,Sample of Pure Taroudium,Miscellaneous,0,/en/mmorpg/game-guide/items/385-miscellaneous/i16071-sample-pure-taroudium
18289,Shushu Haven Bag Kit,Haven Bag,0,/en/mmorpg/game-guide/items/385-miscellaneous/295-haven-bag/i18289-shushu-haven-bag-kit
14257,Signs of the Doziak - Volume I,Miscellaneous,0,/en/mmorpg/game-guide/items/385-miscellaneous/i14257-signs-doziak-volume-i
14258,Signs of the Doziak - Volume II,Miscellaneous,0,/en/mmorpg/game-guide/items/385-miscellaneous/i14258-signs-doziak-volume-ii
14259,Signs of the Doziak - Volume III,Miscellaneous,0,/en/mmorpg/game-guide/items/385-miscellaneous/i14259-signs-doziak-volume-iii
14260,Signs of the Doziak - Volume IV,Miscellaneous,0,/en/mmorpg/game-guide/items/385-miscellaneous/i14260-signs-doziak-volume-iv
14265,Signs of the Doziak - Volume IX,Miscellaneous,0,/en/mmorpg/game-guide/items/385-miscellaneous/i14265-signs-doziak-volume-ix
14261,Signs of the Doziak - Volume V,Miscellaneous,0,/en/mmorpg/game-guide/items/385-miscellaneous/i14261-signs-doziak-volume-v
14262,Signs of the Doziak - Volume VI,Miscellaneous,0,/en/mmorpg/game-guide/items/385-miscellaneous/i14262-signs-doziak-volume-vi
14263,Signs of the Doziak - Volume VII,Miscellaneous,0,/en/mmorpg/game-guide/items/385-miscellaneous/i14263-signs-doziak-volume-vii
14264,Signs of the Doziak - Volume VIII,Miscellaneous,0,/en/mmorpg/game-guide/items/385-miscellaneous/i14264-signs-doziak-volume-viii
14266,Signs of the Doziak - Volume X,Miscellaneous,0,/en/mmorpg/game-guide/items/385-miscellaneous/i14266-signs-doziak-volume-x
14267,Signs of the Doziak - Volume XI,Miscellaneous,0,/en/mmorpg/game-guide/items/385-miscellaneous/i14267-signs-doziak-volume-xi
14268,Signs of the Doziak - Volume XII,Miscellaneous,0,/en/mmorpg/game-guide/items/385-miscellaneous/i14268-signs-doziak-volume-xii
16105,Snowbound Snowbound Village Library Code,Miscellaneous,0,/en/mmorpg/game-guide/items/385-miscellaneous/i16105-snowbound-snowbound-village-library-code
17367,Sow-n-Sow,Miscellaneous,0,/en/mmorpg/game-guide/items/385-miscellaneous/i17367-sow-sow
12635,Sram's Shadow,Miscellaneous,0,/en/mmorpg/game-guide/items/385-miscellaneous/i12635-sram-shadow
17822,Staff of Arrrghhh,Miscellaneous,0,/en/mmorpg/game-guide/items/385-miscellaneous/i17822-staff-arrrghhh
17371,Stuff of Heroes,Miscellaneous,0,/en/mmorpg/game-guide/items/385-miscellaneous/i17371-stuff-heroes
12008,Sufokian Guardian Hood,Miscellaneous,0,/en/mmorpg/game-guide/items/385-miscellaneous/i12008-sufokian-guardian-hood
8140,Surface Cleaner,Miscellaneous,0,/en/mmorpg/game-guide/items/385-miscellaneous/i8140-surface-cleaner
16685,Sword Boy Haven Bag Kit,Haven Bag,0,/en/mmorpg/game-guide/items/385-miscellaneous/295-haven-bag/i16685-sword-boy-haven-bag-kit
16126,Sylargh's Workshop Key,Miscellaneous,0,/en/mmorpg/game-guide/items/385-miscellaneous/i16126-sylargh-workshop-key
8142,Tanning the Right Hide,Miscellaneous,0,/en/mmorpg/game-guide/items/385-miscellaneous/i8142-tanning-right-hide
15840,Terrace Key,Miscellaneous,0,/en/mmorpg/game-guide/items/385-miscellaneous/i15840-terrace-key
8138,The Bow Meow That Got the Cream,Miscellaneous,0,/en/mmorpg/game-guide/items/385-miscellaneous/i8138-bow-meow-got-cream
8072,The Fearless Trapper,Miscellaneous,0,/en/mmorpg/game-guide/items/385-miscellaneous/i8072-fearless-trapper
13410,The Rogue Ruse,Miscellaneous,0,/en/mmorpg/game-guide/items/385-miscellaneous/i13410-rogue-ruse
8074,The Sound of Money,Miscellaneous,0,/en/mmorpg/game-guide/items/385-miscellaneous/i8074-sound-money
14545,Thucker,Miscellaneous,0,/en/mmorpg/game-guide/items/385-miscellaneous/i14545-thucker
15986,Timeworn Freezepop,Miscellaneous,0,/en/mmorpg/game-guide/items/385-miscellaneous/i15986-timeworn-freezepop
17820,Unfinished Staff of Arrrghhh,Miscellaneous,0,/en/mmorpg/game-guide/items/385-miscellaneous/i17820-unfinished-staff-arrrghhh
16686,Vampyro Haven Bag Kit,Haven Bag,0,/en/mmorpg/game-guide/items/385-miscellaneous/295-haven-bag/i16686-vampyro-haven-bag-kit
17924,Vitality Gem,Miscellaneous,0,/en/mmorpg/game-guide/items/385-miscellaneous/i17924-vitality-gem
15335,Whirloken,Miscellaneous,0,/en/mmorpg/game-guide/items/385-miscellaneous/i15335-whirloken
15990,White Sticky Stuff,Miscellaneous,0,/en/mmorpg/game-guide/items/385-miscellaneous/i15990-white-sticky-stuff
16089,Winter Coat,Miscellaneous,0,/en/mmorpg/game-guide/items/385-miscellaneous/i16089-winter-coat
17928,Wisdom and Prospecting Gem,Miscellaneous,0,/en/mmorpg/game-guide/items/385-miscellaneous/i17928-wisdom-prospecting-gem
17832,Worn Wild Gobball Wool,Miscellaneous,0,/en/mmorpg/game-guide/items/385-miscellaneous/i17832-worn-wild-gobball-wool
12561,Xelor's Sandglass,Miscellaneous,0,/en/mmorpg/game-guide/items/385-miscellaneous/i12561-xelor-sandglass
17858,Yellow Gem,Miscellaneous,0,/en/mmorpg/game-guide/items/385-miscellaneous/i17858-yellow-gem
9735,You Are The Law!,Miscellaneous,0,/en/mmorpg/game-guide/items/385-miscellaneous/i9735-you-law
16128,Zeppelin Elevator Key,Miscellaneous,0,/en/mmorpg/game-guide/items/385-miscellaneous/i16128-zeppelin-elevator-key

