9251,Amakna Root Beer,Food,1,/en/mmorpg/game-guide/items/106-consumables/127-food/i9251-amakna-root-beer
10332,Astrub Root Beer,Food,1,/en/mmorpg/game-guide/items/106-consumables/127-food/i10332-astrub-root-beer
13685,Balloon,Miscellaneous Items,1,/en/mmorpg/game-guide/items/106-consumables/472-miscellaneous-items/i13685-balloon
17918,Beginner Bread,Food,1,/en/mmorpg/game-guide/items/106-consumables/127-food/i17918-beginner-bread
17593,Big KOBomb,Miscellaneous Items,1,/en/mmorpg/game-guide/items/106-consumables/472-miscellaneous-items/i17593-big-kobomb
16494,Black Crow Potion,Consumables,1,/en/mmorpg/game-guide/items/106-consumables/i16494-black-crow-potion
17586,Black Wabbit Dungeon Potion,Consumables,1,/en/mmorpg/game-guide/items/106-consumables/i17586-black-wabbit-dungeon-potion
17525,Blueprint for a Beach Tavern,Building Decoration,1,/en/mmorpg/game-guide/items/106-consumables/652-building-decoration/i17525-blueprint-beach-tavern
17629,Blueprint for a Bontarian Guild Hall,Building Decoration,1,/en/mmorpg/game-guide/items/106-consumables/652-building-decoration/i17629-blueprint-bontarian-guild-hall
17630,Blueprint for a Brakmarian Guild Hall,Building Decoration,1,/en/mmorpg/game-guide/items/106-consumables/652-building-decoration/i17630-blueprint-brakmarian-guild-hall
17628,Blueprint for an Amaknian Guild Hall,Building Decoration,1,/en/mmorpg/game-guide/items/106-consumables/652-building-decoration/i17628-blueprint-amaknian-guild-hall
17069,Blueprint for a Small Amaknian House,Building Decoration,1,/en/mmorpg/game-guide/items/106-consumables/652-building-decoration/i17069-blueprint-small-amaknian-house
17070,Blueprint for a Small Bontarian House,Building Decoration,1,/en/mmorpg/game-guide/items/106-consumables/652-building-decoration/i17070-blueprint-small-bontarian-house
17071,Blueprint for a Small Brakmarian House,Building Decoration,1,/en/mmorpg/game-guide/items/106-consumables/652-building-decoration/i17071-blueprint-small-brakmarian-house
17072,Blueprint for a Small Sufokian House,Building Decoration,1,/en/mmorpg/game-guide/items/106-consumables/652-building-decoration/i17072-blueprint-small-sufokian-house
17631,Blueprint for a Sufokian Guild Hall,Building Decoration,1,/en/mmorpg/game-guide/items/106-consumables/652-building-decoration/i17631-blueprint-sufokian-guild-hall
8228,Boiled Sturgeon,Food,1,/en/mmorpg/game-guide/items/106-consumables/127-food/i8228-boiled-sturgeon
10302,Bomb,Miscellaneous Items,1,/en/mmorpg/game-guide/items/106-consumables/472-miscellaneous-items/i10302-bomb
10308,Bonsai Candy,Food,1,/en/mmorpg/game-guide/items/106-consumables/127-food/i10308-bonsai-candy
9684,Bonta Root Beer,Food,1,/en/mmorpg/game-guide/items/106-consumables/127-food/i9684-bonta-root-beer
11375,Bouquet of Cawwots,Event,1,/en/mmorpg/game-guide/items/106-consumables/524-event/i11375-bouquet-cawwots
14254,Bowmeowmallow,Miscellaneous Items,1,/en/mmorpg/game-guide/items/106-consumables/472-miscellaneous-items/i14254-bowmeowmallow
9685,Brakmar Root Beer,Food,1,/en/mmorpg/game-guide/items/106-consumables/127-food/i9685-brakmar-root-beer
13904,Charming Ballimic Fairy,Miscellaneous Items,1,/en/mmorpg/game-guide/items/106-consumables/472-miscellaneous-items/i13904-charming-ballimic-fairy
13909,Charming Dizzy Fairy,Miscellaneous Items,1,/en/mmorpg/game-guide/items/106-consumables/472-miscellaneous-items/i13909-charming-dizzy-fairy
10220,Charming Green Fairywork,Miscellaneous Items,1,/en/mmorpg/game-guide/items/106-consumables/472-miscellaneous-items/i10220-charming-green-fairywork
10223,Charming Pink Fairywork,Miscellaneous Items,1,/en/mmorpg/game-guide/items/106-consumables/472-miscellaneous-items/i10223-charming-pink-fairywork
10219,Charming Purple Fairywork,Miscellaneous Items,1,/en/mmorpg/game-guide/items/106-consumables/472-miscellaneous-items/i10219-charming-purple-fairywork
10221,Charming Red Fairywork,Miscellaneous Items,1,/en/mmorpg/game-guide/items/106-consumables/472-miscellaneous-items/i10221-charming-red-fairywork
10222,Charming Yellow Fairywork,Miscellaneous Items,1,/en/mmorpg/game-guide/items/106-consumables/472-miscellaneous-items/i10222-charming-yellow-fairywork
13629,Cheeken Chips,Food,1,/en/mmorpg/game-guide/items/106-consumables/127-food/i13629-cheeken-chips
13630,Chocolate Bun,Food,1,/en/mmorpg/game-guide/items/106-consumables/127-food/i13630-chocolate-bun
10595,Chocolate Father Kwismas,Event,1,/en/mmorpg/game-guide/items/106-consumables/524-event/i10595-chocolate-father-kwismas
11380,Chocolate Snapper,Event,1,/en/mmorpg/game-guide/items/106-consumables/524-event/i11380-chocolate-snapper
13624,Cotton Candeh,Food,1,/en/mmorpg/game-guide/items/106-consumables/127-food/i13624-cotton-candeh
12233,Cuddly Candy,Food,1,/en/mmorpg/game-guide/items/106-consumables/127-food/i12233-cuddly-candy
9578,Dr Pooper,Food,1,/en/mmorpg/game-guide/items/106-consumables/127-food/i9578-dr-pooper
13723,Enutrof Broker Candy,Food,1,/en/mmorpg/game-guide/items/106-consumables/127-food/i13723-enutrof-broker-candy
13689,Enutrof Prospecting Candy,Food,1,/en/mmorpg/game-guide/items/106-consumables/127-food/i13689-enutrof-prospecting-candy
13719,Enutrof Wisdom Candy,Food,1,/en/mmorpg/game-guide/items/106-consumables/127-food/i13719-enutrof-wisdom-candy
16496,Excarnus Potion,Consumables,1,/en/mmorpg/game-guide/items/106-consumables/i16496-excarnus-potion
13907,Explosive Fairy,Miscellaneous Items,1,/en/mmorpg/game-guide/items/106-consumables/472-miscellaneous-items/i13907-explosive-fairy
13908,Extrasplosive Fairy,Miscellaneous Items,1,/en/mmorpg/game-guide/items/106-consumables/472-miscellaneous-items/i13908-extrasplosive-fairy
10306,Eye Candy,Food,1,/en/mmorpg/game-guide/items/106-consumables/127-food/i10306-eye-candy
13347,Fairywork of Fortune,Miscellaneous Items,1,/en/mmorpg/game-guide/items/106-consumables/472-miscellaneous-items/i13347-fairywork-fortune
8047,Farle Bread,Food,1,/en/mmorpg/game-guide/items/106-consumables/127-food/i8047-farle-bread
13626,Fear Fizz,Food,1,/en/mmorpg/game-guide/items/106-consumables/127-food/i13626-fear-fizz
10304,Finan Candy,Food,1,/en/mmorpg/game-guide/items/106-consumables/127-food/i10304-finan-candy
13622,Flush Puppie,Food,1,/en/mmorpg/game-guide/items/106-consumables/127-food/i13622-flush-puppie
17055,Giga,Miscellaneous Items,1,/en/mmorpg/game-guide/items/106-consumables/472-miscellaneous-items/i17055-giga
16495,Gobbalrog Potion,Consumables,1,/en/mmorpg/game-guide/items/106-consumables/i16495-gobbalrog-potion
13945,Gobbowler Root Beer,Food,1,/en/mmorpg/game-guide/items/106-consumables/127-food/i13945-gobbowler-root-beer
8054,Gobbread,Food,1,/en/mmorpg/game-guide/items/106-consumables/127-food/i8054-gobbread
15585,Golden Api,Miscellaneous Items,1,/en/mmorpg/game-guide/items/106-consumables/472-miscellaneous-items/i15585-golden-api
13905,Golden Flare Fairy,Miscellaneous Items,1,/en/mmorpg/game-guide/items/106-consumables/472-miscellaneous-items/i13905-golden-flare-fairy
10592,Green Kwismas Fairywork,Event,1,/en/mmorpg/game-guide/items/106-consumables/524-event/i10592-green-kwismas-fairywork
16942,Guildalogem,Miscellaneous Items,1,/en/mmorpg/game-guide/items/106-consumables/472-miscellaneous-items/i16942-guildalogem
13627,Ice-Cream Cone,Food,1,/en/mmorpg/game-guide/items/106-consumables/127-food/i13627-ice-cream-cone
17914,Jonk's Round,Food,1,/en/mmorpg/game-guide/items/106-consumables/127-food/i17914-jonk-round
9247,KenKO,Food,1,/en/mmorpg/game-guide/items/106-consumables/127-food/i9247-kenko
17592,KOBomb,Miscellaneous Items,1,/en/mmorpg/game-guide/items/106-consumables/472-miscellaneous-items/i17592-kobomb
14219,Konval Essence,Miscellaneous Items,1,/en/mmorpg/game-guide/items/106-consumables/472-miscellaneous-items/i14219-konval-essence
17058,Krosmo,Miscellaneous Items,1,/en/mmorpg/game-guide/items/106-consumables/472-miscellaneous-items/i17058-krosmo
10598,Kwismas Dragoturkey,Event,1,/en/mmorpg/game-guide/items/106-consumables/524-event/i10598-kwismas-dragoturkey
10594,Kwismas Log,Event,1,/en/mmorpg/game-guide/items/106-consumables/524-event/i10594-kwismas-log
10556,Kwismas Nibble,Event,1,/en/mmorpg/game-guide/items/106-consumables/524-event/i10556-kwismas-nibble
10596,Kwismas Spiced Api Juice,Event,1,/en/mmorpg/game-guide/items/106-consumables/524-event/i10596-kwismas-spiced-api-juice
15182,Kwismas Stocking,Consumables,1,/en/mmorpg/game-guide/items/106-consumables/i15182-kwismas-stocking
9866,Leia Candy,Food,1,/en/mmorpg/game-guide/items/106-consumables/127-food/i9866-leia-candy
17587,Lenald Dungeon Potion,Consumables,1,/en/mmorpg/game-guide/items/106-consumables/i17587-lenald-dungeon-potion
17551,Little KOBomb,Miscellaneous Items,1,/en/mmorpg/game-guide/items/106-consumables/472-miscellaneous-items/i17551-little-kobomb
15815,Little Prospecting Candy,Food,1,/en/mmorpg/game-guide/items/106-consumables/127-food/i15815-little-prospecting-candy
15812,Little Wisdom Candy,Food,1,/en/mmorpg/game-guide/items/106-consumables/127-food/i15812-little-wisdom-candy
13625,Love Candy Api,Food,1,/en/mmorpg/game-guide/items/106-consumables/127-food/i13625-love-candy-api
12235,Lucky Candy,Food,1,/en/mmorpg/game-guide/items/106-consumables/127-food/i12235-lucky-candy
13623,Milk-Sheikh,Food,1,/en/mmorpg/game-guide/items/106-consumables/127-food/i13623-milk-sheikh
17059,Mint Pastille,Food,1,/en/mmorpg/game-guide/items/106-consumables/127-food/i17059-mint-pastille
10307,Monk Candy,Food,1,/en/mmorpg/game-guide/items/106-consumables/127-food/i10307-monk-candy
16493,Moowolf Potion,Consumables,1,/en/mmorpg/game-guide/items/106-consumables/i16493-moowolf-potion
14255,Morphof,Miscellaneous Items,1,/en/mmorpg/game-guide/items/106-consumables/472-miscellaneous-items/i14255-morphof
18291,Mystery Box,Consumables,1,/en/mmorpg/game-guide/items/106-consumables/i18291-mystery-box
15927,One Year Fairywork,Miscellaneous Items,1,/en/mmorpg/game-guide/items/106-consumables/472-miscellaneous-items/i15927-one-year-fairywork
16865,Pack of 100 Class 1 Sparkling Runes,Consumables,1,/en/mmorpg/game-guide/items/106-consumables/i16865-pack-100-class-1-sparkling-runes
16867,Pack of 100 Class 4 Sparkling Runes,Consumables,1,/en/mmorpg/game-guide/items/106-consumables/i16867-pack-100-class-4-sparkling-runes
16869,Pack of 100 Class 8 Sparkling Runes,Consumables,1,/en/mmorpg/game-guide/items/106-consumables/i16869-pack-100-class-8-sparkling-runes
16864,Pack of 10 Class 1 Sparkling Runes,Consumables,1,/en/mmorpg/game-guide/items/106-consumables/i16864-pack-10-class-1-sparkling-runes
16866,Pack of 10 Class 4 Sparkling Runes,Consumables,1,/en/mmorpg/game-guide/items/106-consumables/i16866-pack-10-class-4-sparkling-runes
16868,Pack of 10 Class 8 Sparkling Runes,Consumables,1,/en/mmorpg/game-guide/items/106-consumables/i16868-pack-10-class-8-sparkling-runes
17863,Pappy's Bread,Food,1,/en/mmorpg/game-guide/items/106-consumables/127-food/i17863-pappy-bread
15982,Phoenix Scroll,Food,1,/en/mmorpg/game-guide/items/106-consumables/127-food/i15982-phoenix-scroll
8087,Poopsi,Food,1,/en/mmorpg/game-guide/items/106-consumables/127-food/i8087-poopsi
13906,Popcorn Fairy,Miscellaneous Items,1,/en/mmorpg/game-guide/items/106-consumables/472-miscellaneous-items/i13906-popcorn-fairy
15814,Prospecting Candy,Food,1,/en/mmorpg/game-guide/items/106-consumables/127-food/i15814-prospecting-candy
9865,Prospecting Candy,Food,1,/en/mmorpg/game-guide/items/106-consumables/127-food/i9865-prospecting-candy
12234,Prosperous Candy,Food,1,/en/mmorpg/game-guide/items/106-consumables/127-food/i12234-prosperous-candy
10363,Pulpsi Max,Food,1,/en/mmorpg/game-guide/items/106-consumables/127-food/i10363-pulpsi-max
13621,Quaquack Cookie,Food,1,/en/mmorpg/game-guide/items/106-consumables/127-food/i13621-quaquack-cookie
14306,Recall Potion,Miscellaneous Items,1,/en/mmorpg/game-guide/items/106-consumables/472-miscellaneous-items/i14306-recall-potion
18015,Red Envelope,Event,1,/en/mmorpg/game-guide/items/106-consumables/524-event/i18015-red-envelope
10591,Red Kwismas Fairywork,Event,1,/en/mmorpg/game-guide/items/106-consumables/524-event/i10591-red-kwismas-fairywork
18050,Rice Pudding,Event,1,/en/mmorpg/game-guide/items/106-consumables/524-event/i18050-rice-pudding
18292,Sex and Appearance Change Potion,Food,1,/en/mmorpg/game-guide/items/106-consumables/127-food/i18292-sex-appearance-change-potion
16163,Shattering Hammer,Smithmagic,1,/en/mmorpg/game-guide/items/106-consumables/602-smithmagic/i16163-shattering-hammer
18232,Shushu Smokenmir I,Consumables,1,/en/mmorpg/game-guide/items/106-consumables/i18232-shushu-smokenmir-i
18245,Shushu Smokenmir II,Consumables,1,/en/mmorpg/game-guide/items/106-consumables/i18245-shushu-smokenmir-ii
18248,Shushu Smokenmir III,Consumables,1,/en/mmorpg/game-guide/items/106-consumables/i18248-shushu-smokenmir-iii
18249,Shushu Smokenmir IV,Consumables,1,/en/mmorpg/game-guide/items/106-consumables/i18249-shushu-smokenmir-iv
18250,Shushu Smokenmir V,Consumables,1,/en/mmorpg/game-guide/items/106-consumables/i18250-shushu-smokenmir-v
18252,Shushu Smokenmir VI,Consumables,1,/en/mmorpg/game-guide/items/106-consumables/i18252-shushu-smokenmir-vi
18034,Smithhammer of CMC,Smithmagic,1,/en/mmorpg/game-guide/items/106-consumables/602-smithmagic/i18034-smithhammer-cmc
18035,Smithhammer of Damage,Smithmagic,1,/en/mmorpg/game-guide/items/106-consumables/602-smithmagic/i18035-smithhammer-damage
18010,Smithhammer of Dodge,Smithmagic,1,/en/mmorpg/game-guide/items/106-consumables/602-smithmagic/i18010-smithhammer-dodge
18007,Smithhammer of Initiative,Smithmagic,1,/en/mmorpg/game-guide/items/106-consumables/602-smithmagic/i18007-smithhammer-initiative
18011,Smithhammer of Lock,Smithmagic,1,/en/mmorpg/game-guide/items/106-consumables/602-smithmagic/i18011-smithhammer-lock
18012,Smithhammer of Vitality,Smithmagic,1,/en/mmorpg/game-guide/items/106-consumables/602-smithmagic/i18012-smithhammer-vitality
18258,Smithmagic Hammer,Smithmagic,1,/en/mmorpg/game-guide/items/106-consumables/602-smithmagic/i18258-smithmagic-hammer
16164,Smithmagic Hammer,Smithmagic,1,/en/mmorpg/game-guide/items/106-consumables/602-smithmagic/i16164-smithmagic-hammer
18014,Spring Has Sprung Firecracker,Event,1,/en/mmorpg/game-guide/items/106-consumables/524-event/i18014-spring-sprung-firecracker
9686,Sufokia Root Beer,Food,1,/en/mmorpg/game-guide/items/106-consumables/127-food/i9686-sufokia-root-beer
17056,Supra,Miscellaneous Items,1,/en/mmorpg/game-guide/items/106-consumables/472-miscellaneous-items/i17056-supra
11366,Sweeeety,Food,1,/en/mmorpg/game-guide/items/106-consumables/127-food/i11366-sweeeety
14315,Teleport of Scriptures,Miscellaneous Items,1,/en/mmorpg/game-guide/items/106-consumables/472-miscellaneous-items/i14315-teleport-scriptures
17068,TEST_MAISON,Building Decoration,1,/en/mmorpg/game-guide/items/106-consumables/652-building-decoration/i17068-test-maison
10305,Thaz Candy,Food,1,/en/mmorpg/game-guide/items/106-consumables/127-food/i10305-thaz-candy
9958,The Ter Root Beer,Food,1,/en/mmorpg/game-guide/items/106-consumables/127-food/i9958-ter-root-beer
5010,Thistle Broth,Food,1,/en/mmorpg/game-guide/items/106-consumables/127-food/i5010-thistle-broth
18066,Thwee Kings Cake,Miscellaneous Items,1,/en/mmorpg/game-guide/items/106-consumables/472-miscellaneous-items/i18066-thwee-kings-cake
9812,Twixler Candy,Food,1,/en/mmorpg/game-guide/items/106-consumables/127-food/i9812-twixler-candy
17057,Ultima,Miscellaneous Items,1,/en/mmorpg/game-guide/items/106-consumables/472-miscellaneous-items/i17057-ultima
17054,Ultra,Miscellaneous Items,1,/en/mmorpg/game-guide/items/106-consumables/472-miscellaneous-items/i17054-ultra
17588,Wabbit Island Potion,Consumables,1,/en/mmorpg/game-guide/items/106-consumables/i17588-wabbit-island-potion
13628,Waffle,Food,1,/en/mmorpg/game-guide/items/106-consumables/127-food/i13628-waffle
10593,White Kwismas Fairywork,Event,1,/en/mmorpg/game-guide/items/106-consumables/524-event/i10593-white-kwismas-fairywork
15813,Wisdom Candy,Food,1,/en/mmorpg/game-guide/items/106-consumables/127-food/i15813-wisdom-candy
9811,Wisdom Candy,Food,1,/en/mmorpg/game-guide/items/106-consumables/127-food/i9811-wisdom-candy
12232,Wise Candy,Food,1,/en/mmorpg/game-guide/items/106-consumables/127-food/i12232-wise-candy
9867,Yessiu Candy,Food,1,/en/mmorpg/game-guide/items/106-consumables/127-food/i9867-yessiu-candy
17867,Archaeologist's Potion,Food,5,/en/mmorpg/game-guide/items/106-consumables/127-food/i17867-archaeologist-potion
8229,Breaded Piwipette,Food,5,/en/mmorpg/game-guide/items/106-consumables/127-food/i8229-breaded-piwipette
9802,Grilled Gobball,Food,5,/en/mmorpg/game-guide/items/106-consumables/127-food/i9802-grilled-gobball
8048,Piwibread,Food,5,/en/mmorpg/game-guide/items/106-consumables/127-food/i8048-piwibread
13222,Sandwich Bread,Food,5,/en/mmorpg/game-guide/items/106-consumables/127-food/i13222-sandwich-bread
8206,Artichobread,Food,10,/en/mmorpg/game-guide/items/106-consumables/127-food/i8206-artichobread
13223,Catbread,Food,10,/en/mmorpg/game-guide/items/106-consumables/127-food/i13223-catbread
16290,Class 1 Basic Powder,Smithmagic,10,/en/mmorpg/game-guide/items/106-consumables/602-smithmagic/i16290-class-1-basic-powder
16390,Class 1 Basic Rune,Smithmagic,10,/en/mmorpg/game-guide/items/106-consumables/602-smithmagic/i16390-class-1-basic-rune
16270,Class 1 Broken Powder,Smithmagic,10,/en/mmorpg/game-guide/items/106-consumables/602-smithmagic/i16270-class-1-broken-powder
16370,Class 1 Broken Rune,Smithmagic,10,/en/mmorpg/game-guide/items/106-consumables/602-smithmagic/i16370-class-1-broken-rune
16310,Class 1 Glossy Powder,Smithmagic,10,/en/mmorpg/game-guide/items/106-consumables/602-smithmagic/i16310-class-1-glossy-powder
16410,Class 1 Glossy Rune,Smithmagic,10,/en/mmorpg/game-guide/items/106-consumables/602-smithmagic/i16410-class-1-glossy-rune
16350,Class 1 Perfect Powder,Smithmagic,10,/en/mmorpg/game-guide/items/106-consumables/602-smithmagic/i16350-class-1-perfect-powder
16450,Class 1 Perfect Rune,Smithmagic,10,/en/mmorpg/game-guide/items/106-consumables/602-smithmagic/i16450-class-1-perfect-rune
16330,Class 1 Sparkling Powder,Smithmagic,10,/en/mmorpg/game-guide/items/106-consumables/602-smithmagic/i16330-class-1-sparkling-powder
16430,Class 1 Sparkling Rune,Smithmagic,10,/en/mmorpg/game-guide/items/106-consumables/602-smithmagic/i16430-class-1-sparkling-rune
11501,Fake Moumouse,Miscellaneous Items,10,/en/mmorpg/game-guide/items/106-consumables/472-miscellaneous-items/i11501-fake-moumouse
13855,Fritter,Food,10,/en/mmorpg/game-guide/items/106-consumables/127-food/i13855-fritter
8230,Marine Tartar,Food,10,/en/mmorpg/game-guide/items/106-consumables/127-food/i8230-marine-tartar
8059,Round Bread,Food,10,/en/mmorpg/game-guide/items/106-consumables/127-food/i8059-round-bread
9744,Veh Cheese,Food,10,/en/mmorpg/game-guide/items/106-consumables/127-food/i9744-veh-cheese
8207,Bag of Bretzels,Food,15,/en/mmorpg/game-guide/items/106-consumables/127-food/i8207-bag-bretzels
14330,Krosmaster Tart,Food,15,/en/mmorpg/game-guide/items/106-consumables/127-food/i14330-krosmaster-tart
10657,Raid Boole,Food,15,/en/mmorpg/game-guide/items/106-consumables/127-food/i10657-raid-boole
8096,Small Bun,Food,15,/en/mmorpg/game-guide/items/106-consumables/127-food/i8096-small-bun
3864,Tofu Dumpling,Food,15,/en/mmorpg/game-guide/items/106-consumables/127-food/i3864-tofu-dumpling
13219,Anchovies in Oil,Food,20,/en/mmorpg/game-guide/items/106-consumables/127-food/i13219-anchovies-oil
9753,Apisauce,Food,20,/en/mmorpg/game-guide/items/106-consumables/127-food/i9753-apisauce
3663,Artichoke Chips,Food,20,/en/mmorpg/game-guide/items/106-consumables/127-food/i3663-artichoke-chips
12513,Chewing Bark,Food,20,/en/mmorpg/game-guide/items/106-consumables/127-food/i12513-chewing-bark
16291,Class 2 Basic Powder,Smithmagic,20,/en/mmorpg/game-guide/items/106-consumables/602-smithmagic/i16291-class-2-basic-powder
16391,Class 2 Basic Rune,Smithmagic,20,/en/mmorpg/game-guide/items/106-consumables/602-smithmagic/i16391-class-2-basic-rune
16271,Class 2 Broken Powder,Smithmagic,20,/en/mmorpg/game-guide/items/106-consumables/602-smithmagic/i16271-class-2-broken-powder
16371,Class 2 Broken Rune,Smithmagic,20,/en/mmorpg/game-guide/items/106-consumables/602-smithmagic/i16371-class-2-broken-rune
16311,Class 2 Glossy Powder,Smithmagic,20,/en/mmorpg/game-guide/items/106-consumables/602-smithmagic/i16311-class-2-glossy-powder
16411,Class 2 Glossy Rune,Smithmagic,20,/en/mmorpg/game-guide/items/106-consumables/602-smithmagic/i16411-class-2-glossy-rune
16351,Class 2 Perfect Powder,Smithmagic,20,/en/mmorpg/game-guide/items/106-consumables/602-smithmagic/i16351-class-2-perfect-powder
16451,Class 2 Perfect Rune,Smithmagic,20,/en/mmorpg/game-guide/items/106-consumables/602-smithmagic/i16451-class-2-perfect-rune
16331,Class 2 Sparkling Powder,Smithmagic,20,/en/mmorpg/game-guide/items/106-consumables/602-smithmagic/i16331-class-2-sparkling-powder
16431,Class 2 Sparkling Rune,Smithmagic,20,/en/mmorpg/game-guide/items/106-consumables/602-smithmagic/i16431-class-2-sparkling-rune
11925,Crab Pâté,Food,20,/en/mmorpg/game-guide/items/106-consumables/127-food/i11925-crab-pate
13862,Doughball,Food,20,/en/mmorpg/game-guide/items/106-consumables/127-food/i13862-doughball
12519,Fish Tartare,Food,20,/en/mmorpg/game-guide/items/106-consumables/127-food/i12519-fish-tartare
8058,Foccacia,Food,20,/en/mmorpg/game-guide/items/106-consumables/127-food/i8058-foccacia
11924,Foie Gras,Food,20,/en/mmorpg/game-guide/items/106-consumables/127-food/i11924-foie-gras
11502,Grumbly Hook,Miscellaneous Items,20,/en/mmorpg/game-guide/items/106-consumables/472-miscellaneous-items/i11502-grumbly-hook
12517,Gum Gum,Food,20,/en/mmorpg/game-guide/items/106-consumables/127-food/i12517-gum-gum
11516,Menthol,Food,20,/en/mmorpg/game-guide/items/106-consumables/127-food/i11516-menthol
9748,Slobber Balm,Food,20,/en/mmorpg/game-guide/items/106-consumables/127-food/i9748-slobber-balm
9803,Snout Soup,Food,20,/en/mmorpg/game-guide/items/106-consumables/127-food/i9803-snout-soup
12518,Tube-Shaped Fiber,Food,20,/en/mmorpg/game-guide/items/106-consumables/127-food/i12518-tube-shaped-fiber
9692,Filet Moognon,Food,25,/en/mmorpg/game-guide/items/106-consumables/127-food/i9692-filet-moognon
11927,Juicy Stew,Food,25,/en/mmorpg/game-guide/items/106-consumables/127-food/i11927-juicy-stew
14331,Krosmaster Quiche,Food,25,/en/mmorpg/game-guide/items/106-consumables/127-food/i14331-krosmaster-quiche
11926,Scratchings,Food,25,/en/mmorpg/game-guide/items/106-consumables/127-food/i11926-scratchings
8208,Thwee Kings Cake,Food,25,/en/mmorpg/game-guide/items/106-consumables/127-food/i8208-thwee-kings-cake
8211,Whole Bread,Food,25,/en/mmorpg/game-guide/items/106-consumables/127-food/i8211-whole-bread
16292,Class 3 Basic Powder,Smithmagic,30,/en/mmorpg/game-guide/items/106-consumables/602-smithmagic/i16292-class-3-basic-powder
16392,Class 3 Basic Rune,Smithmagic,30,/en/mmorpg/game-guide/items/106-consumables/602-smithmagic/i16392-class-3-basic-rune
16272,Class 3 Broken Powder,Smithmagic,30,/en/mmorpg/game-guide/items/106-consumables/602-smithmagic/i16272-class-3-broken-powder
16372,Class 3 Broken Rune,Smithmagic,30,/en/mmorpg/game-guide/items/106-consumables/602-smithmagic/i16372-class-3-broken-rune
16312,Class 3 Glossy Powder,Smithmagic,30,/en/mmorpg/game-guide/items/106-consumables/602-smithmagic/i16312-class-3-glossy-powder
16412,Class 3 Glossy Rune,Smithmagic,30,/en/mmorpg/game-guide/items/106-consumables/602-smithmagic/i16412-class-3-glossy-rune
16352,Class 3 Perfect Powder,Smithmagic,30,/en/mmorpg/game-guide/items/106-consumables/602-smithmagic/i16352-class-3-perfect-powder
16452,Class 3 Perfect Rune,Smithmagic,30,/en/mmorpg/game-guide/items/106-consumables/602-smithmagic/i16452-class-3-perfect-rune
16332,Class 3 Sparkling Powder,Smithmagic,30,/en/mmorpg/game-guide/items/106-consumables/602-smithmagic/i16332-class-3-sparkling-powder
16432,Class 3 Sparkling Rune,Smithmagic,30,/en/mmorpg/game-guide/items/106-consumables/602-smithmagic/i16432-class-3-sparkling-rune
11503,Earth Larva,Miscellaneous Items,30,/en/mmorpg/game-guide/items/106-consumables/472-miscellaneous-items/i11503-earth-larva
3745,Grilled Arachnee Legs,Food,30,/en/mmorpg/game-guide/items/106-consumables/127-food/i3745-grilled-arachnee-legs
11931,Kokosoda,Food,30,/en/mmorpg/game-guide/items/106-consumables/127-food/i11931-kokosoda
8056,Painstry,Food,30,/en/mmorpg/game-guide/items/106-consumables/127-food/i8056-painstry
13882,Punch,Food,30,/en/mmorpg/game-guide/items/106-consumables/127-food/i13882-punch
13224,Umpkin Bread,Food,30,/en/mmorpg/game-guide/items/106-consumables/127-food/i13224-umpkin-bread
14332,Bite-Size Krosmaster Cake,Food,35,/en/mmorpg/game-guide/items/106-consumables/127-food/i14332-bite-size-krosmaster-cake
8057,Felch Bread,Food,35,/en/mmorpg/game-guide/items/106-consumables/127-food/i8057-felch-bread
8232,Grawn Cocktail,Food,35,/en/mmorpg/game-guide/items/106-consumables/127-food/i8232-grawn-cocktail
8160,Hairy Hook,Miscellaneous Items,35,/en/mmorpg/game-guide/items/106-consumables/472-miscellaneous-items/i8160-hairy-hook
13225,Oat Bran Bread,Food,35,/en/mmorpg/game-guide/items/106-consumables/127-food/i13225-oat-bran-bread
9760,Pottid Heid,Food,35,/en/mmorpg/game-guide/items/106-consumables/127-food/i9760-pottid-heid
9694,Api Stuffed Rump,Food,40,/en/mmorpg/game-guide/items/106-consumables/127-food/i9694-api-stuffed-rump
16293,Class 4 Basic Powder,Smithmagic,40,/en/mmorpg/game-guide/items/106-consumables/602-smithmagic/i16293-class-4-basic-powder
16393,Class 4 Basic Rune,Smithmagic,40,/en/mmorpg/game-guide/items/106-consumables/602-smithmagic/i16393-class-4-basic-rune
16273,Class 4 Broken Powder,Smithmagic,40,/en/mmorpg/game-guide/items/106-consumables/602-smithmagic/i16273-class-4-broken-powder
16373,Class 4 Broken Rune,Smithmagic,40,/en/mmorpg/game-guide/items/106-consumables/602-smithmagic/i16373-class-4-broken-rune
16313,Class 4 Glossy Powder,Smithmagic,40,/en/mmorpg/game-guide/items/106-consumables/602-smithmagic/i16313-class-4-glossy-powder
16413,Class 4 Glossy Rune,Smithmagic,40,/en/mmorpg/game-guide/items/106-consumables/602-smithmagic/i16413-class-4-glossy-rune
16353,Class 4 Perfect Powder,Smithmagic,40,/en/mmorpg/game-guide/items/106-consumables/602-smithmagic/i16353-class-4-perfect-powder
16453,Class 4 Perfect Rune,Smithmagic,40,/en/mmorpg/game-guide/items/106-consumables/602-smithmagic/i16453-class-4-perfect-rune
16333,Class 4 Sparkling Powder,Smithmagic,40,/en/mmorpg/game-guide/items/106-consumables/602-smithmagic/i16333-class-4-sparkling-powder
16433,Class 4 Sparkling Rune,Smithmagic,40,/en/mmorpg/game-guide/items/106-consumables/602-smithmagic/i16433-class-4-sparkling-rune
8095,Crummon,Food,40,/en/mmorpg/game-guide/items/106-consumables/127-food/i8095-crummon
11930,Kokomilk,Food,40,/en/mmorpg/game-guide/items/106-consumables/127-food/i11930-kokomilk
13858,Krumble,Food,40,/en/mmorpg/game-guide/items/106-consumables/127-food/i13858-krumble
13226,Palmito Bread,Food,40,/en/mmorpg/game-guide/items/106-consumables/127-food/i13226-palmito-bread
12584,Peppered Flank,Food,40,/en/mmorpg/game-guide/items/106-consumables/127-food/i12584-peppered-flank
8233,Salamon à la Cwème,Food,40,/en/mmorpg/game-guide/items/106-consumables/127-food/i8233-salamon-cweme
11928,Sinister Mussels,Food,40,/en/mmorpg/game-guide/items/106-consumables/127-food/i11928-sinister-mussels
11504,Tashfly,Miscellaneous Items,40,/en/mmorpg/game-guide/items/106-consumables/472-miscellaneous-items/i11504-tashfly
11932,Crab Pie,Food,45,/en/mmorpg/game-guide/items/106-consumables/127-food/i11932-crab-pie
11919,Hazelnutella Spread,Food,45,/en/mmorpg/game-guide/items/106-consumables/127-food/i11919-hazelnutella-spread
14333,Krosmaster Cake,Food,45,/en/mmorpg/game-guide/items/106-consumables/127-food/i14333-krosmaster-cake
13227,Manjus,Food,45,/en/mmorpg/game-guide/items/106-consumables/127-food/i13227-manjus
8231,Slime Ray with Herbs,Food,45,/en/mmorpg/game-guide/items/106-consumables/127-food/i8231-slime-ray-with-herbs
15856,Bottle of Rum,Food,50,/en/mmorpg/game-guide/items/106-consumables/127-food/i15856-bottle-rum
11934,Clamembert,Food,50,/en/mmorpg/game-guide/items/106-consumables/127-food/i11934-clamembert
16294,Class 5 Basic Powder,Smithmagic,50,/en/mmorpg/game-guide/items/106-consumables/602-smithmagic/i16294-class-5-basic-powder
16394,Class 5 Basic Rune,Smithmagic,50,/en/mmorpg/game-guide/items/106-consumables/602-smithmagic/i16394-class-5-basic-rune
16274,Class 5 Broken Powder,Smithmagic,50,/en/mmorpg/game-guide/items/106-consumables/602-smithmagic/i16274-class-5-broken-powder
16374,Class 5 Broken Rune,Smithmagic,50,/en/mmorpg/game-guide/items/106-consumables/602-smithmagic/i16374-class-5-broken-rune
16314,Class 5 Glossy Powder,Smithmagic,50,/en/mmorpg/game-guide/items/106-consumables/602-smithmagic/i16314-class-5-glossy-powder
16414,Class 5 Glossy Rune,Smithmagic,50,/en/mmorpg/game-guide/items/106-consumables/602-smithmagic/i16414-class-5-glossy-rune
16354,Class 5 Perfect Powder,Smithmagic,50,/en/mmorpg/game-guide/items/106-consumables/602-smithmagic/i16354-class-5-perfect-powder
16454,Class 5 Perfect Rune,Smithmagic,50,/en/mmorpg/game-guide/items/106-consumables/602-smithmagic/i16454-class-5-perfect-rune
16334,Class 5 Sparkling Powder,Smithmagic,50,/en/mmorpg/game-guide/items/106-consumables/602-smithmagic/i16334-class-5-sparkling-powder
16434,Class 5 Sparkling Rune,Smithmagic,50,/en/mmorpg/game-guide/items/106-consumables/602-smithmagic/i16434-class-5-sparkling-rune
8161,Electric Hook,Miscellaneous Items,50,/en/mmorpg/game-guide/items/106-consumables/472-miscellaneous-items/i8161-electric-hook
12496,Kelbab,Food,50,/en/mmorpg/game-guide/items/106-consumables/127-food/i12496-kelbab
8204,Roll Sling,Food,50,/en/mmorpg/game-guide/items/106-consumables/127-food/i8204-roll-sling
13228,Rye Bread,Food,50,/en/mmorpg/game-guide/items/106-consumables/127-food/i13228-rye-bread
14759,Shhhudoku's Pouch,Consumables,50,/en/mmorpg/game-guide/items/106-consumables/i14759-shhhudoku-pouch
13865,Thick-Cut Loaf,Food,50,/en/mmorpg/game-guide/items/106-consumables/127-food/i13865-thick-cut-loaf
9758,Tortikuri-Kuri,Food,50,/en/mmorpg/game-guide/items/106-consumables/127-food/i9758-tortikuri-kuri
17760,Bloody Gobball Steak,Food,55,/en/mmorpg/game-guide/items/106-consumables/127-food/i17760-bloody-gobball-steak
11920,Hot Cross Gobb,Food,55,/en/mmorpg/game-guide/items/106-consumables/127-food/i11920-hot-cross-gobb
13229,Rice Cake,Food,55,/en/mmorpg/game-guide/items/106-consumables/127-food/i13229-rice-cake
14334,Share-Size Krosmaster Cake,Food,55,/en/mmorpg/game-guide/items/106-consumables/127-food/i14334-share-size-krosmaster-cake
14819,Single-Use Shovel,Consumables,55,/en/mmorpg/game-guide/items/106-consumables/i14819-single-use-shovel
9618,Stewabbaise,Food,55,/en/mmorpg/game-guide/items/106-consumables/127-food/i9618-stewabbaise
11935,Waterzozio,Food,55,/en/mmorpg/game-guide/items/106-consumables/127-food/i11935-waterzozio
9734,Alibert's Stew,Food,60,/en/mmorpg/game-guide/items/106-consumables/127-food/i9734-alibert-stew
8055,Blonde Loaf,Food,60,/en/mmorpg/game-guide/items/106-consumables/127-food/i8055-blonde-loaf
16295,Class 6 Basic Powder,Smithmagic,60,/en/mmorpg/game-guide/items/106-consumables/602-smithmagic/i16295-class-6-basic-powder
16395,Class 6 Basic Rune,Smithmagic,60,/en/mmorpg/game-guide/items/106-consumables/602-smithmagic/i16395-class-6-basic-rune
16275,Class 6 Broken Powder,Smithmagic,60,/en/mmorpg/game-guide/items/106-consumables/602-smithmagic/i16275-class-6-broken-powder
16375,Class 6 Broken Rune,Smithmagic,60,/en/mmorpg/game-guide/items/106-consumables/602-smithmagic/i16375-class-6-broken-rune
16315,Class 6 Glossy Powder,Smithmagic,60,/en/mmorpg/game-guide/items/106-consumables/602-smithmagic/i16315-class-6-glossy-powder
16415,Class 6 Glossy Rune,Smithmagic,60,/en/mmorpg/game-guide/items/106-consumables/602-smithmagic/i16415-class-6-glossy-rune
16355,Class 6 Perfect Powder,Smithmagic,60,/en/mmorpg/game-guide/items/106-consumables/602-smithmagic/i16355-class-6-perfect-powder
16455,Class 6 Perfect Rune,Smithmagic,60,/en/mmorpg/game-guide/items/106-consumables/602-smithmagic/i16455-class-6-perfect-rune
16335,Class 6 Sparkling Powder,Smithmagic,60,/en/mmorpg/game-guide/items/106-consumables/602-smithmagic/i16335-class-6-sparkling-powder
16435,Class 6 Sparkling Rune,Smithmagic,60,/en/mmorpg/game-guide/items/106-consumables/602-smithmagic/i16435-class-6-sparkling-rune
12465,Crobak Cheese,Food,60,/en/mmorpg/game-guide/items/106-consumables/127-food/i12465-crobak-cheese
13230,Iglair,Food,60,/en/mmorpg/game-guide/items/106-consumables/127-food/i13230-iglair
7343,Pureed Boowolf Steak,Food,60,/en/mmorpg/game-guide/items/106-consumables/127-food/i7343-pureed-boowolf-steak
13886,Shepherd's Pie,Food,60,/en/mmorpg/game-guide/items/106-consumables/127-food/i13886-shepherd-pie
7977,Api Black Pudding,Food,65,/en/mmorpg/game-guide/items/106-consumables/127-food/i7977-api-black-pudding
13231,Cereal Bread,Food,65,/en/mmorpg/game-guide/items/106-consumables/127-food/i13231-cereal-bread
8205,Golden Bun,Food,65,/en/mmorpg/game-guide/items/106-consumables/127-food/i8205-golden-bun
11936,Imperial Crab Pâté,Food,65,/en/mmorpg/game-guide/items/106-consumables/127-food/i11936-imperial-crab-pate
11929,Powerkraut,Food,65,/en/mmorpg/game-guide/items/106-consumables/127-food/i11929-powerkraut
12464,Welsh Rarebeak,Food,65,/en/mmorpg/game-guide/items/106-consumables/127-food/i12464-welsh-rarebeak
8213,Captain Cockle,Food,70,/en/mmorpg/game-guide/items/106-consumables/127-food/i8213-captain-cockle
16296,Class 7 Basic Powder,Smithmagic,70,/en/mmorpg/game-guide/items/106-consumables/602-smithmagic/i16296-class-7-basic-powder
16396,Class 7 Basic Rune,Smithmagic,70,/en/mmorpg/game-guide/items/106-consumables/602-smithmagic/i16396-class-7-basic-rune
16276,Class 7 Broken Powder,Smithmagic,70,/en/mmorpg/game-guide/items/106-consumables/602-smithmagic/i16276-class-7-broken-powder
16376,Class 7 Broken Rune,Smithmagic,70,/en/mmorpg/game-guide/items/106-consumables/602-smithmagic/i16376-class-7-broken-rune
16316,Class 7 Glossy Powder,Smithmagic,70,/en/mmorpg/game-guide/items/106-consumables/602-smithmagic/i16316-class-7-glossy-powder
16416,Class 7 Glossy Rune,Smithmagic,70,/en/mmorpg/game-guide/items/106-consumables/602-smithmagic/i16416-class-7-glossy-rune
16356,Class 7 Perfect Powder,Smithmagic,70,/en/mmorpg/game-guide/items/106-consumables/602-smithmagic/i16356-class-7-perfect-powder
16456,Class 7 Perfect Rune,Smithmagic,70,/en/mmorpg/game-guide/items/106-consumables/602-smithmagic/i16456-class-7-perfect-rune
16336,Class 7 Sparkling Powder,Smithmagic,70,/en/mmorpg/game-guide/items/106-consumables/602-smithmagic/i16336-class-7-sparkling-powder
16436,Class 7 Sparkling Rune,Smithmagic,70,/en/mmorpg/game-guide/items/106-consumables/602-smithmagic/i16436-class-7-sparkling-rune
13232,Cornbread,Food,70,/en/mmorpg/game-guide/items/106-consumables/127-food/i13232-cornbread
15594,Crab Shovel,Consumables,70,/en/mmorpg/game-guide/items/106-consumables/i15594-crab-shovel
11939,Happy Eel,Food,70,/en/mmorpg/game-guide/items/106-consumables/127-food/i11939-happy-eel
13877,Knocchi,Food,70,/en/mmorpg/game-guide/items/106-consumables/127-food/i13877-knocchi
12642,Rat Tatouille,Food,70,/en/mmorpg/game-guide/items/106-consumables/127-food/i12642-rat-tatouille
12609,Camonkbert,Food,75,/en/mmorpg/game-guide/items/106-consumables/127-food/i12609-camonkbert
12867,Mamaliga,Food,75,/en/mmorpg/game-guide/items/106-consumables/127-food/i12867-mamaliga
13233,Melon Bread,Food,75,/en/mmorpg/game-guide/items/106-consumables/127-food/i13233-melon-bread
12608,Monk Bread,Food,75,/en/mmorpg/game-guide/items/106-consumables/127-food/i12608-monk-bread
12866,Mortadella,Food,75,/en/mmorpg/game-guide/items/106-consumables/127-food/i12866-mortadella
11505,Tutti-Frutti,Miscellaneous Items,75,/en/mmorpg/game-guide/items/106-consumables/472-miscellaneous-items/i11505-tutti-frutti
9759,Whirloin Steak with Mushrooms,Food,75,/en/mmorpg/game-guide/items/106-consumables/127-food/i9759-whirloin-steak-with-mushrooms
16297,Class 8 Basic Powder,Smithmagic,80,/en/mmorpg/game-guide/items/106-consumables/602-smithmagic/i16297-class-8-basic-powder
16397,Class 8 Basic Rune,Smithmagic,80,/en/mmorpg/game-guide/items/106-consumables/602-smithmagic/i16397-class-8-basic-rune
16277,Class 8 Broken Powder,Smithmagic,80,/en/mmorpg/game-guide/items/106-consumables/602-smithmagic/i16277-class-8-broken-powder
16377,Class 8 Broken Rune,Smithmagic,80,/en/mmorpg/game-guide/items/106-consumables/602-smithmagic/i16377-class-8-broken-rune
16317,Class 8 Glossy Powder,Smithmagic,80,/en/mmorpg/game-guide/items/106-consumables/602-smithmagic/i16317-class-8-glossy-powder
16417,Class 8 Glossy Rune,Smithmagic,80,/en/mmorpg/game-guide/items/106-consumables/602-smithmagic/i16417-class-8-glossy-rune
16357,Class 8 Perfect Powder,Smithmagic,80,/en/mmorpg/game-guide/items/106-consumables/602-smithmagic/i16357-class-8-perfect-powder
16457,Class 8 Perfect Rune,Smithmagic,80,/en/mmorpg/game-guide/items/106-consumables/602-smithmagic/i16457-class-8-perfect-rune
16337,Class 8 Sparkling Powder,Smithmagic,80,/en/mmorpg/game-guide/items/106-consumables/602-smithmagic/i16337-class-8-sparkling-powder
16437,Class 8 Sparkling Rune,Smithmagic,80,/en/mmorpg/game-guide/items/106-consumables/602-smithmagic/i16437-class-8-sparkling-rune
8210,Gingerhead Man,Food,80,/en/mmorpg/game-guide/items/106-consumables/127-food/i8210-gingerhead-man
13870,Meringue,Food,80,/en/mmorpg/game-guide/items/106-consumables/127-food/i13870-meringue
13234,Sunshine Bread,Food,80,/en/mmorpg/game-guide/items/106-consumables/127-food/i13234-sunshine-bread
11506,Tooting Bait,Miscellaneous Items,80,/en/mmorpg/game-guide/items/106-consumables/472-miscellaneous-items/i11506-tooting-bait
12616,Breath of Life,Food,85,/en/mmorpg/game-guide/items/106-consumables/127-food/i12616-breath-life
12626,Religieuse,Food,85,/en/mmorpg/game-guide/items/106-consumables/127-food/i12626-religieuse
13235,Watermelon Bread,Food,85,/en/mmorpg/game-guide/items/106-consumables/127-food/i13235-watermelon-bread
8212,Brick Bread,Food,90,/en/mmorpg/game-guide/items/106-consumables/127-food/i8212-brick-bread
16298,Class 9 Basic Powder,Smithmagic,90,/en/mmorpg/game-guide/items/106-consumables/602-smithmagic/i16298-class-9-basic-powder
16398,Class 9 Basic Rune,Smithmagic,90,/en/mmorpg/game-guide/items/106-consumables/602-smithmagic/i16398-class-9-basic-rune
16278,Class 9 Broken Powder,Smithmagic,90,/en/mmorpg/game-guide/items/106-consumables/602-smithmagic/i16278-class-9-broken-powder
16378,Class 9 Broken Rune,Smithmagic,90,/en/mmorpg/game-guide/items/106-consumables/602-smithmagic/i16378-class-9-broken-rune
16318,Class 9 Glossy Powder,Smithmagic,90,/en/mmorpg/game-guide/items/106-consumables/602-smithmagic/i16318-class-9-glossy-powder
16418,Class 9 Glossy Rune,Smithmagic,90,/en/mmorpg/game-guide/items/106-consumables/602-smithmagic/i16418-class-9-glossy-rune
16358,Class 9 Perfect Powder,Smithmagic,90,/en/mmorpg/game-guide/items/106-consumables/602-smithmagic/i16358-class-9-perfect-powder
16458,Class 9 Perfect Rune,Smithmagic,90,/en/mmorpg/game-guide/items/106-consumables/602-smithmagic/i16458-class-9-perfect-rune
16338,Class 9 Sparkling Powder,Smithmagic,90,/en/mmorpg/game-guide/items/106-consumables/602-smithmagic/i16338-class-9-sparkling-powder
16438,Class 9 Sparkling Rune,Smithmagic,90,/en/mmorpg/game-guide/items/106-consumables/602-smithmagic/i16438-class-9-sparkling-rune
6946,Fwesh Drink,Food,90,/en/mmorpg/game-guide/items/106-consumables/127-food/i6946-fwesh-drink
13108,Grilled Cashew Nuts,Food,90,/en/mmorpg/game-guide/items/106-consumables/127-food/i13108-grilled-cashew-nuts
8214,Humble Pie,Food,90,/en/mmorpg/game-guide/items/106-consumables/127-food/i8214-humble-pie
13893,Regresso,Food,90,/en/mmorpg/game-guide/items/106-consumables/127-food/i13893-regresso
9691,Bilbiza Iced Coffee,Food,95,/en/mmorpg/game-guide/items/106-consumables/127-food/i9691-bilbiza-iced-coffee
8209,Breadala,Food,95,/en/mmorpg/game-guide/items/106-consumables/127-food/i8209-breadala
11507,Flycatcher,Miscellaneous Items,95,/en/mmorpg/game-guide/items/106-consumables/472-miscellaneous-items/i11507-flycatcher
9690,Gataurade,Food,95,/en/mmorpg/game-guide/items/106-consumables/127-food/i9690-gataurade
13440,Secret Breadala,Food,95,/en/mmorpg/game-guide/items/106-consumables/127-food/i13440-secret-breadala
14484,Catapulco,Food,100,/en/mmorpg/game-guide/items/106-consumables/127-food/i14484-catapulco
16299,Class 10 Basic Powder,Smithmagic,100,/en/mmorpg/game-guide/items/106-consumables/602-smithmagic/i16299-class-10-basic-powder
16399,Class 10 Basic Rune,Smithmagic,100,/en/mmorpg/game-guide/items/106-consumables/602-smithmagic/i16399-class-10-basic-rune
16279,Class 10 Broken Powder,Smithmagic,100,/en/mmorpg/game-guide/items/106-consumables/602-smithmagic/i16279-class-10-broken-powder
16379,Class 10 Broken Rune,Smithmagic,100,/en/mmorpg/game-guide/items/106-consumables/602-smithmagic/i16379-class-10-broken-rune
16319,Class 10 Glossy Powder,Smithmagic,100,/en/mmorpg/game-guide/items/106-consumables/602-smithmagic/i16319-class-10-glossy-powder
16419,Class 10 Glossy Rune,Smithmagic,100,/en/mmorpg/game-guide/items/106-consumables/602-smithmagic/i16419-class-10-glossy-rune
16359,Class 10 Perfect Powder,Smithmagic,100,/en/mmorpg/game-guide/items/106-consumables/602-smithmagic/i16359-class-10-perfect-powder
16459,Class 10 Perfect Rune,Smithmagic,100,/en/mmorpg/game-guide/items/106-consumables/602-smithmagic/i16459-class-10-perfect-rune
16339,Class 10 Sparkling Powder,Smithmagic,100,/en/mmorpg/game-guide/items/106-consumables/602-smithmagic/i16339-class-10-sparkling-powder
16439,Class 10 Sparkling Rune,Smithmagic,100,/en/mmorpg/game-guide/items/106-consumables/602-smithmagic/i16439-class-10-sparkling-rune
8215,Creamed Shushu,Food,100,/en/mmorpg/game-guide/items/106-consumables/127-food/i8215-creamed-shushu
18300,Distilled Torment,Consumables,100,/en/mmorpg/game-guide/items/106-consumables/i18300-distilled-torment
16824,Energizing Cocktail,Food,100,/en/mmorpg/game-guide/items/106-consumables/127-food/i16824-energizing-cocktail
16136,Slimsis Flesh,Food,100,/en/mmorpg/game-guide/items/106-consumables/127-food/i16136-slimsis-flesh
16129,Slimsis Heart,Food,100,/en/mmorpg/game-guide/items/106-consumables/127-food/i16129-slimsis-heart
18299,Stasis Stench,Consumables,100,/en/mmorpg/game-guide/items/106-consumables/i18299-stasis-stench
15980,Freezepop,Food,105,/en/mmorpg/game-guide/items/106-consumables/127-food/i15980-freezepop
16770,Royal Cocktail,Food,105,/en/mmorpg/game-guide/items/106-consumables/127-food/i16770-royal-cocktail
16300,Class 11 Basic Powder,Smithmagic,110,/en/mmorpg/game-guide/items/106-consumables/602-smithmagic/i16300-class-11-basic-powder
16400,Class 11 Basic Rune,Smithmagic,110,/en/mmorpg/game-guide/items/106-consumables/602-smithmagic/i16400-class-11-basic-rune
16280,Class 11 Broken Powder,Smithmagic,110,/en/mmorpg/game-guide/items/106-consumables/602-smithmagic/i16280-class-11-broken-powder
16380,Class 11 Broken Rune,Smithmagic,110,/en/mmorpg/game-guide/items/106-consumables/602-smithmagic/i16380-class-11-broken-rune
16320,Class 11 Glossy Powder,Smithmagic,110,/en/mmorpg/game-guide/items/106-consumables/602-smithmagic/i16320-class-11-glossy-powder
16420,Class 11 Glossy Rune,Smithmagic,110,/en/mmorpg/game-guide/items/106-consumables/602-smithmagic/i16420-class-11-glossy-rune
16360,Class 11 Perfect Powder,Smithmagic,110,/en/mmorpg/game-guide/items/106-consumables/602-smithmagic/i16360-class-11-perfect-powder
16460,Class 11 Perfect Rune,Smithmagic,110,/en/mmorpg/game-guide/items/106-consumables/602-smithmagic/i16460-class-11-perfect-rune
16340,Class 11 Sparkling Powder,Smithmagic,110,/en/mmorpg/game-guide/items/106-consumables/602-smithmagic/i16340-class-11-sparkling-powder
16440,Class 11 Sparkling Rune,Smithmagic,110,/en/mmorpg/game-guide/items/106-consumables/602-smithmagic/i16440-class-11-sparkling-rune
17535,Black Cawwot Juice,Food,120,/en/mmorpg/game-guide/items/106-consumables/127-food/i17535-black-cawwot-juice
17529,Candied Cawwots,Food,120,/en/mmorpg/game-guide/items/106-consumables/127-food/i17529-candied-cawwots
16301,Class 12 Basic Powder,Smithmagic,120,/en/mmorpg/game-guide/items/106-consumables/602-smithmagic/i16301-class-12-basic-powder
16401,Class 12 Basic Rune,Smithmagic,120,/en/mmorpg/game-guide/items/106-consumables/602-smithmagic/i16401-class-12-basic-rune
16281,Class 12 Broken Powder,Smithmagic,120,/en/mmorpg/game-guide/items/106-consumables/602-smithmagic/i16281-class-12-broken-powder
16381,Class 12 Broken Rune,Smithmagic,120,/en/mmorpg/game-guide/items/106-consumables/602-smithmagic/i16381-class-12-broken-rune
16321,Class 12 Glossy Powder,Smithmagic,120,/en/mmorpg/game-guide/items/106-consumables/602-smithmagic/i16321-class-12-glossy-powder
16421,Class 12 Glossy Rune,Smithmagic,120,/en/mmorpg/game-guide/items/106-consumables/602-smithmagic/i16421-class-12-glossy-rune
16361,Class 12 Perfect Powder,Smithmagic,120,/en/mmorpg/game-guide/items/106-consumables/602-smithmagic/i16361-class-12-perfect-powder
16461,Class 12 Perfect Rune,Smithmagic,120,/en/mmorpg/game-guide/items/106-consumables/602-smithmagic/i16461-class-12-perfect-rune
16341,Class 12 Sparkling Powder,Smithmagic,120,/en/mmorpg/game-guide/items/106-consumables/602-smithmagic/i16341-class-12-sparkling-powder
16441,Class 12 Sparkling Rune,Smithmagic,120,/en/mmorpg/game-guide/items/106-consumables/602-smithmagic/i16441-class-12-sparkling-rune
17445,Lenald Bento,Food,125,/en/mmorpg/game-guide/items/106-consumables/127-food/i17445-lenald-bento
17446,Lose Tea,Food,125,/en/mmorpg/game-guide/items/106-consumables/127-food/i17446-lose-tea
16302,Class 13 Basic Powder,Smithmagic,130,/en/mmorpg/game-guide/items/106-consumables/602-smithmagic/i16302-class-13-basic-powder
16402,Class 13 Basic Rune,Smithmagic,130,/en/mmorpg/game-guide/items/106-consumables/602-smithmagic/i16402-class-13-basic-rune
16282,Class 13 Broken Powder,Smithmagic,130,/en/mmorpg/game-guide/items/106-consumables/602-smithmagic/i16282-class-13-broken-powder
16382,Class 13 Broken Rune,Smithmagic,130,/en/mmorpg/game-guide/items/106-consumables/602-smithmagic/i16382-class-13-broken-rune
16322,Class 13 Glossy Powder,Smithmagic,130,/en/mmorpg/game-guide/items/106-consumables/602-smithmagic/i16322-class-13-glossy-powder
16422,Class 13 Glossy Rune,Smithmagic,130,/en/mmorpg/game-guide/items/106-consumables/602-smithmagic/i16422-class-13-glossy-rune
16362,Class 13 Perfect Powder,Smithmagic,130,/en/mmorpg/game-guide/items/106-consumables/602-smithmagic/i16362-class-13-perfect-powder
16462,Class 13 Perfect Rune,Smithmagic,130,/en/mmorpg/game-guide/items/106-consumables/602-smithmagic/i16462-class-13-perfect-rune
16342,Class 13 Sparkling Powder,Smithmagic,130,/en/mmorpg/game-guide/items/106-consumables/602-smithmagic/i16342-class-13-sparkling-powder
16442,Class 13 Sparkling Rune,Smithmagic,130,/en/mmorpg/game-guide/items/106-consumables/602-smithmagic/i16442-class-13-sparkling-rune
17266,Blackenewgy Juice,Food,138,/en/mmorpg/game-guide/items/106-consumables/127-food/i17266-blackenewgy-juice
16303,Class 14 Basic Powder,Smithmagic,140,/en/mmorpg/game-guide/items/106-consumables/602-smithmagic/i16303-class-14-basic-powder
16403,Class 14 Basic Rune,Smithmagic,140,/en/mmorpg/game-guide/items/106-consumables/602-smithmagic/i16403-class-14-basic-rune
16283,Class 14 Broken Powder,Smithmagic,140,/en/mmorpg/game-guide/items/106-consumables/602-smithmagic/i16283-class-14-broken-powder
16383,Class 14 Broken Rune,Smithmagic,140,/en/mmorpg/game-guide/items/106-consumables/602-smithmagic/i16383-class-14-broken-rune
16323,Class 14 Glossy Powder,Smithmagic,140,/en/mmorpg/game-guide/items/106-consumables/602-smithmagic/i16323-class-14-glossy-powder
16423,Class 14 Glossy Rune,Smithmagic,140,/en/mmorpg/game-guide/items/106-consumables/602-smithmagic/i16423-class-14-glossy-rune
16363,Class 14 Perfect Powder,Smithmagic,140,/en/mmorpg/game-guide/items/106-consumables/602-smithmagic/i16363-class-14-perfect-powder
16463,Class 14 Perfect Rune,Smithmagic,140,/en/mmorpg/game-guide/items/106-consumables/602-smithmagic/i16463-class-14-perfect-rune
16343,Class 14 Sparkling Powder,Smithmagic,140,/en/mmorpg/game-guide/items/106-consumables/602-smithmagic/i16343-class-14-sparkling-powder
16443,Class 14 Sparkling Rune,Smithmagic,140,/en/mmorpg/game-guide/items/106-consumables/602-smithmagic/i16443-class-14-sparkling-rune
16304,Class 15 Basic Powder,Smithmagic,150,/en/mmorpg/game-guide/items/106-consumables/602-smithmagic/i16304-class-15-basic-powder
16404,Class 15 Basic Rune,Smithmagic,150,/en/mmorpg/game-guide/items/106-consumables/602-smithmagic/i16404-class-15-basic-rune
16284,Class 15 Broken Powder,Smithmagic,150,/en/mmorpg/game-guide/items/106-consumables/602-smithmagic/i16284-class-15-broken-powder
16384,Class 15 Broken Rune,Smithmagic,150,/en/mmorpg/game-guide/items/106-consumables/602-smithmagic/i16384-class-15-broken-rune
16324,Class 15 Glossy Powder,Smithmagic,150,/en/mmorpg/game-guide/items/106-consumables/602-smithmagic/i16324-class-15-glossy-powder
16424,Class 15 Glossy Rune,Smithmagic,150,/en/mmorpg/game-guide/items/106-consumables/602-smithmagic/i16424-class-15-glossy-rune
16364,Class 15 Perfect Powder,Smithmagic,150,/en/mmorpg/game-guide/items/106-consumables/602-smithmagic/i16364-class-15-perfect-powder
16464,Class 15 Perfect Rune,Smithmagic,150,/en/mmorpg/game-guide/items/106-consumables/602-smithmagic/i16464-class-15-perfect-rune
16344,Class 15 Sparkling Powder,Smithmagic,150,/en/mmorpg/game-guide/items/106-consumables/602-smithmagic/i16344-class-15-sparkling-powder
16444,Class 15 Sparkling Rune,Smithmagic,150,/en/mmorpg/game-guide/items/106-consumables/602-smithmagic/i16444-class-15-sparkling-rune
17351,Leffe Fouw Dead,Food,150,/en/mmorpg/game-guide/items/106-consumables/127-food/i17351-leffe-fouw-dead
17530,Wa Awcticawwot,Food,155,/en/mmorpg/game-guide/items/106-consumables/127-food/i17530-wa-awcticawwot
16305,Class 16 Basic Powder,Smithmagic,160,/en/mmorpg/game-guide/items/106-consumables/602-smithmagic/i16305-class-16-basic-powder
16405,Class 16 Basic Rune,Smithmagic,160,/en/mmorpg/game-guide/items/106-consumables/602-smithmagic/i16405-class-16-basic-rune
16285,Class 16 Broken Powder,Smithmagic,160,/en/mmorpg/game-guide/items/106-consumables/602-smithmagic/i16285-class-16-broken-powder
16385,Class 16 Broken Rune,Smithmagic,160,/en/mmorpg/game-guide/items/106-consumables/602-smithmagic/i16385-class-16-broken-rune
16325,Class 16 Glossy Powder,Smithmagic,160,/en/mmorpg/game-guide/items/106-consumables/602-smithmagic/i16325-class-16-glossy-powder
16425,Class 16 Glossy Rune,Smithmagic,160,/en/mmorpg/game-guide/items/106-consumables/602-smithmagic/i16425-class-16-glossy-rune
16365,Class 16 Perfect Powder,Smithmagic,160,/en/mmorpg/game-guide/items/106-consumables/602-smithmagic/i16365-class-16-perfect-powder
16465,Class 16 Perfect Rune,Smithmagic,160,/en/mmorpg/game-guide/items/106-consumables/602-smithmagic/i16465-class-16-perfect-rune
16345,Class 16 Sparkling Powder,Smithmagic,160,/en/mmorpg/game-guide/items/106-consumables/602-smithmagic/i16345-class-16-sparkling-powder
16445,Class 16 Sparkling Rune,Smithmagic,160,/en/mmorpg/game-guide/items/106-consumables/602-smithmagic/i16445-class-16-sparkling-rune
18009,Astrub Knight,Consumables,0,/en/mmorpg/game-guide/items/106-consumables/i18009-astrub-knight
8188,Basic Hook,Miscellaneous Items,0,/en/mmorpg/game-guide/items/106-consumables/472-miscellaneous-items/i8188-basic-hook
17878,Beelzebug the Multiman,Consumables,0,/en/mmorpg/game-guide/items/106-consumables/i17878-beelzebug-multiman
18236,Crate of Shushu Smokenmirs I,Consumables,0,/en/mmorpg/game-guide/items/106-consumables/i18236-crate-shushu-smokenmirs-i
18253,Crate of Shushu Smokenmirs II,Consumables,0,/en/mmorpg/game-guide/items/106-consumables/i18253-crate-shushu-smokenmirs-ii
18254,Crate of Shushu Smokenmirs III,Consumables,0,/en/mmorpg/game-guide/items/106-consumables/i18254-crate-shushu-smokenmirs-iii
18255,Crate of Shushu Smokenmirs IV,Consumables,0,/en/mmorpg/game-guide/items/106-consumables/i18255-crate-shushu-smokenmirs-iv
18256,Crate of Shushu Smokenmirs V,Consumables,0,/en/mmorpg/game-guide/items/106-consumables/i18256-crate-shushu-smokenmirs-v
18257,Crate of Shushu Smokenmirs VI,Consumables,0,/en/mmorpg/game-guide/items/106-consumables/i18257-crate-shushu-smokenmirs-vi
11793,Gigabomb,Miscellaneous Items,0,/en/mmorpg/game-guide/items/106-consumables/472-miscellaneous-items/i11793-gigabomb
17881,Krobax the Multiman,Consumables,0,/en/mmorpg/game-guide/items/106-consumables/i17881-krobax-multiman
9808,Lantern,Miscellaneous Items,0,/en/mmorpg/game-guide/items/106-consumables/472-miscellaneous-items/i9808-lantern
10360,Luigie Mushroom,Miscellaneous Items,0,/en/mmorpg/game-guide/items/106-consumables/472-miscellaneous-items/i10360-luigie-mushroom
17882,Lumino the Multiman,Consumables,0,/en/mmorpg/game-guide/items/106-consumables/i17882-lumino-multiman
10303,Megabomb,Miscellaneous Items,0,/en/mmorpg/game-guide/items/106-consumables/472-miscellaneous-items/i10303-megabomb
17883,Shadow the Multiman,Consumables,0,/en/mmorpg/game-guide/items/106-consumables/i17883-shadow-multiman
17879,Skale the Multiman,Consumables,0,/en/mmorpg/game-guide/items/106-consumables/i17879-skale-multiman
17880,Trank the Multiman,Consumables,0,/en/mmorpg/game-guide/items/106-consumables/i17880-trank-multiman
8359,Xav the Baker's Bread,Food,0,/en/mmorpg/game-guide/items/106-consumables/127-food/i8359-xav-baker-bread
